"game_id","home_team","away_team","home_score","away_score","season","game_time","game_date"
"2022-10-07NSHSJS","NSH","SJS","4","1","2022","14:00:00","2022-10-07"
"2022-10-08SJSNSH","SJS","NSH","2","3","2022","14:00:00","2022-10-08"
"2022-10-11LAKVGK","LAK","VGK","3","4","2022","22:00:00","2022-10-11"
"2022-10-11NYRTBL","NYR","TBL","3","1","2022","19:30:00","2022-10-11"
"2022-10-12ANASEA","ANA","SEA","5","4","2022","22:00:00","2022-10-12"
"2022-10-12CARCBJ","CAR","CBJ","4","1","2022","19:00:00","2022-10-12"
"2022-10-12COLCHI","COL","CHI","5","2","2022","21:30:00","2022-10-12"
"2022-10-12EDMVAN","EDM","VAN","5","3","2022","22:00:00","2022-10-12"
"2022-10-12MTLTOR","MTL","TOR","4","3","2022","19:00:00","2022-10-12"
"2022-10-12WSHBOS","WSH","BOS","2","5","2022","19:00:00","2022-10-12"
"2022-10-13BUFOTT","BUF","OTT","4","1","2022","19:00:00","2022-10-13"
"2022-10-13CGYCOL","CGY","COL","5","3","2022","21:30:00","2022-10-13"
"2022-10-13LAKSEA","LAK","SEA","1","4","2022","22:30:00","2022-10-13"
"2022-10-13MINNYR","MIN","NYR","3","7","2022","20:00:00","2022-10-13"
"2022-10-13NSHDAL","NSH","DAL","1","4","2022","20:30:00","2022-10-13"
"2022-10-13NYIFLA","NYI","FLA","1","3","2022","19:30:00","2022-10-13"
"2022-10-13PHINJD","PHI","NJD","5","2","2022","19:00:00","2022-10-13"
"2022-10-13PITARI","PIT","ARI","6","2","2022","19:00:00","2022-10-13"
"2022-10-13TORWSH","TOR","WSH","3","2","2022","19:30:00","2022-10-13"
"2022-10-13VGKCHI","VGK","CHI","1","0","2022","22:00:00","2022-10-13"
"2022-10-14CBJTBL","CBJ","TBL","2","5","2022","19:00:00","2022-10-14"
"2022-10-14DETMTL","DET","MTL","3","0","2022","19:00:00","2022-10-14"
"2022-10-14SJSCAR","SJS","CAR","1","2","2022","22:30:00","2022-10-14"
"2022-10-14WPGNYR","WPG","NYR","4","1","2022","20:00:00","2022-10-14"
"2022-10-15BOSARI","BOS","ARI","6","3","2022","19:00:00","2022-10-15"
"2022-10-15BUFFLA","BUF","FLA","3","4","2022","13:00:00","2022-10-15"
"2022-10-15DALNSH","DAL","NSH","5","1","2022","20:00:00","2022-10-15"
"2022-10-15EDMCGY","EDM","CGY","3","4","2022","22:00:00","2022-10-15"
"2022-10-15MINLAK","MIN","LAK","6","7","2022","20:00:00","2022-10-15"
"2022-10-15NJDDET","NJD","DET","2","5","2022","19:00:00","2022-10-15"
"2022-10-15NYIANA","NYI","ANA","7","1","2022","19:30:00","2022-10-15"
"2022-10-15PHIVAN","PHI","VAN","3","2","2022","16:00:00","2022-10-15"
"2022-10-15PITTBL","PIT","TBL","6","2","2022","19:00:00","2022-10-15"
"2022-10-15SEAVGK","SEA","VGK","2","5","2022","22:00:00","2022-10-15"
"2022-10-15SJSCHI","SJS","CHI","2","5","2022","22:00:00","2022-10-15"
"2022-10-15STLCBJ","STL","CBJ","5","2","2022","20:00:00","2022-10-15"
"2022-10-15TOROTT","TOR","OTT","3","2","2022","19:00:00","2022-10-15"
"2022-10-15WSHMTL","WSH","MTL","3","1","2022","19:00:00","2022-10-15"
"2022-10-17BOSFLA","BOS","FLA","5","3","2022","19:00:00","2022-10-17"
"2022-10-17DALWPG","DAL","WPG","4","1","2022","20:30:00","2022-10-17"
"2022-10-17DETLAK","DET","LAK","4","5","2022","19:00:00","2022-10-17"
"2022-10-17MINCOL","MIN","COL","3","6","2022","20:00:00","2022-10-17"
"2022-10-17MTLPIT","MTL","PIT","3","2","2022","19:00:00","2022-10-17"
"2022-10-17NYRANA","NYR","ANA","6","4","2022","19:00:00","2022-10-17"
"2022-10-17SEACAR","SEA","CAR","1","5","2022","22:00:00","2022-10-17"
"2022-10-17TORARI","TOR","ARI","2","4","2022","19:00:00","2022-10-17"
"2022-10-17WSHVAN","WSH","VAN","6","4","2022","19:00:00","2022-10-17"
"2022-10-18CBJVAN","CBJ","VAN","4","3","2022","19:00:00","2022-10-18"
"2022-10-18CGYVGK","CGY","VGK","3","2","2022","21:00:00","2022-10-18"
"2022-10-18EDMBUF","EDM","BUF","2","4","2022","21:00:00","2022-10-18"
"2022-10-18NJDANA","NJD","ANA","4","2","2022","19:00:00","2022-10-18"
"2022-10-18NSHLAK","NSH","LAK","3","4","2022","21:30:00","2022-10-18"
"2022-10-18NYISJS","NYI","SJS","5","2","2022","19:30:00","2022-10-18"
"2022-10-18OTTBOS","OTT","BOS","7","5","2022","19:00:00","2022-10-18"
"2022-10-18TBLPHI","TBL","PHI","2","3","2022","19:00:00","2022-10-18"
"2022-10-19COLWPG","COL","WPG","3","4","2022","20:00:00","2022-10-19"
"2022-10-19FLAPHI","FLA","PHI","4","3","2022","19:30:00","2022-10-19"
"2022-10-19SEASTL","SEA","STL","3","4","2022","22:00:00","2022-10-19"
"2022-10-20BOSANA","BOS","ANA","2","1","2022","19:00:00","2022-10-20"
"2022-10-20CBJNSH","CBJ","NSH","5","3","2022","19:00:00","2022-10-20"
"2022-10-20CGYBUF","CGY","BUF","3","6","2022","21:30:00","2022-10-20"
"2022-10-20EDMCAR","EDM","CAR","6","4","2022","21:00:00","2022-10-20"
"2022-10-20MINVAN","MIN","VAN","4","3","2022","20:00:00","2022-10-20"
"2022-10-20MTLARI","MTL","ARI","6","2","2022","19:00:00","2022-10-20"
"2022-10-20NYINJD","NYI","NJD","1","4","2022","19:30:00","2022-10-20"
"2022-10-20NYRSJS","NYR","SJS","2","3","2022","19:00:00","2022-10-20"
"2022-10-20OTTWSH","OTT","WSH","5","2","2022","19:00:00","2022-10-20"
"2022-10-20PITLAK","PIT","LAK","6","1","2022","19:00:00","2022-10-20"
"2022-10-20TORDAL","TOR","DAL","3","2","2022","19:00:00","2022-10-20"
"2022-10-20VGKWPG","VGK","WPG","5","2","2022","22:00:00","2022-10-20"
"2022-10-21CHIDET","CHI","DET","4","3","2022","20:30:00","2022-10-21"
"2022-10-21COLSEA","COL","SEA","2","3","2022","21:00:00","2022-10-21"
"2022-10-21FLATBL","FLA","TBL","2","3","2022","19:30:00","2022-10-21"
"2022-10-22BOSMIN","BOS","MIN","4","3","2022","13:00:00","2022-10-22"
"2022-10-22CBJPIT","CBJ","PIT","3","6","2022","19:00:00","2022-10-22"
"2022-10-22CGYCAR","CGY","CAR","3","2","2022","22:00:00","2022-10-22"
"2022-10-22EDMSTL","EDM","STL","0","2","2022","16:00:00","2022-10-22"
"2022-10-22MTLDAL","MTL","DAL","2","5","2022","19:00:00","2022-10-22"
"2022-10-22NJDSJS","NJD","SJS","2","1","2022","13:00:00","2022-10-22"
"2022-10-22NSHPHI","NSH","PHI","1","3","2022","20:00:00","2022-10-22"
"2022-10-22OTTARI","OTT","ARI","6","2","2022","16:00:00","2022-10-22"
"2022-10-22TBLNYI","TBL","NYI","5","3","2022","19:00:00","2022-10-22"
"2022-10-22VANBUF","VAN","BUF","1","5","2022","22:00:00","2022-10-22"
"2022-10-22VGKCOL","VGK","COL","2","3","2022","22:00:00","2022-10-22"
"2022-10-22WPGTOR","WPG","TOR","1","4","2022","19:00:00","2022-10-22"
"2022-10-22WSHLAK","WSH","LAK","4","3","2022","19:00:00","2022-10-22"
"2022-10-23CHISEA","CHI","SEA","5","4","2022","14:00:00","2022-10-23"
"2022-10-23DETANA","DET","ANA","5","1","2022","17:00:00","2022-10-23"
"2022-10-23FLANYI","FLA","NYI","3","2","2022","17:00:00","2022-10-23"
"2022-10-23NYRCBJ","NYR","CBJ","1","5","2022","17:00:00","2022-10-23"
"2022-10-23PHISJS","PHI","SJS","0","3","2022","19:00:00","2022-10-23"
"2022-10-24EDMPIT","EDM","PIT","6","3","2022","20:00:00","2022-10-24"
"2022-10-24NJDWSH","NJD","WSH","3","6","2022","19:00:00","2022-10-24"
"2022-10-24OTTDAL","OTT","DAL","4","2","2022","19:00:00","2022-10-24"
"2022-10-24VANCAR","VAN","CAR","2","3","2022","22:30:00","2022-10-24"
"2022-10-24VGKTOR","VGK","TOR","3","1","2022","22:00:00","2022-10-24"
"2022-10-24WPGSTL","WPG","STL","4","0","2022","20:00:00","2022-10-24"
"2022-10-25BOSDAL","BOS","DAL","3","1","2022","19:00:00","2022-10-25"
"2022-10-25CBJARI","CBJ","ARI","3","6","2022","19:00:00","2022-10-25"
"2022-10-25CGYPIT","CGY","PIT","4","1","2022","21:00:00","2022-10-25"
"2022-10-25CHIFLA","CHI","FLA","4","2","2022","20:30:00","2022-10-25"
"2022-10-25DETNJD","DET","NJD","2","6","2022","19:00:00","2022-10-25"
"2022-10-25LAKTBL","LAK","TBL","4","2","2022","22:30:00","2022-10-25"
"2022-10-25MTLMIN","MTL","MIN","1","3","2022","19:00:00","2022-10-25"
"2022-10-25NYRCOL","NYR","COL","2","3","2022","20:00:00","2022-10-25"
"2022-10-25SEABUF","SEA","BUF","5","1","2022","22:00:00","2022-10-25"
"2022-10-25SJSVGK","SJS","VGK","2","4","2022","22:30:00","2022-10-25"
"2022-10-26ANATBL","ANA","TBL","2","4","2022","22:00:00","2022-10-26"
"2022-10-26NYINYR","NYI","NYR","3","0","2022","19:30:00","2022-10-26"
"2022-10-26STLEDM","STL","EDM","1","3","2022","20:00:00","2022-10-26"
"2022-10-27BOSDET","BOS","DET","5","1","2022","19:00:00","2022-10-27"
"2022-10-27BUFMTL","BUF","MTL","2","3","2022","19:00:00","2022-10-27"
"2022-10-27CHIEDM","CHI","EDM","5","6","2022","20:30:00","2022-10-27"
"2022-10-27DALWSH","DAL","WSH","2","0","2022","20:30:00","2022-10-27"
"2022-10-27LAKWPG","LAK","WPG","4","6","2022","22:30:00","2022-10-27"
"2022-10-27NSHSTL","NSH","STL","6","2","2022","20:00:00","2022-10-27"
"2022-10-27OTTMIN","OTT","MIN","2","4","2022","19:00:00","2022-10-27"
"2022-10-27PHIFLA","PHI","FLA","4","3","2022","19:00:00","2022-10-27"
"2022-10-27SEAVAN","SEA","VAN","4","5","2022","22:00:00","2022-10-27"
"2022-10-27SJSTOR","SJS","TOR","4","3","2022","22:30:00","2022-10-27"
"2022-10-28ARIWPG","ARI","WPG","2","3","2022","22:30:00","2022-10-28"
"2022-10-28CARNYI","CAR","NYI","2","6","2022","19:00:00","2022-10-28"
"2022-10-28CBJBOS","CBJ","BOS","0","4","2022","19:00:00","2022-10-28"
"2022-10-28NJDCOL","NJD","COL","1","0","2022","19:00:00","2022-10-28"
"2022-10-28VANPIT","VAN","PIT","5","1","2022","22:00:00","2022-10-28"
"2022-10-28VGKANA","VGK","ANA","4","0","2022","18:00:00","2022-10-28"
"2022-10-29BUFCHI","BUF","CHI","4","3","2022","19:00:00","2022-10-29"
"2022-10-29CGYEDM","CGY","EDM","2","3","2022","22:00:00","2022-10-29"
"2022-10-29DALNYR","DAL","NYR","3","6","2022","14:00:00","2022-10-29"
"2022-10-29DETMIN","DET","MIN","2","1","2022","19:00:00","2022-10-29"
"2022-10-29FLAOTT","FLA","OTT","5","3","2022","16:00:00","2022-10-29"
"2022-10-29LAKTOR","LAK","TOR","4","2","2022","19:00:00","2022-10-29"
"2022-10-29NSHWSH","NSH","WSH","0","3","2022","20:00:00","2022-10-29"
"2022-10-29NYICOL","NYI","COL","5","4","2022","19:30:00","2022-10-29"
"2022-10-29PHICAR","PHI","CAR","3","4","2022","19:00:00","2022-10-29"
"2022-10-29SEAPIT","SEA","PIT","3","1","2022","22:00:00","2022-10-29"
"2022-10-29SJSTBL","SJS","TBL","3","4","2022","16:30:00","2022-10-29"
"2022-10-29STLMTL","STL","MTL","4","7","2022","19:00:00","2022-10-29"
"2022-10-30ANATOR","ANA","TOR","4","3","2022","20:00:00","2022-10-30"
"2022-10-30ARINYR","ARI","NYR","2","3","2022","20:00:00","2022-10-30"
"2022-10-30CHIMIN","CHI","MIN","3","4","2022","19:00:00","2022-10-30"
"2022-10-30NJDCBJ","NJD","CBJ","7","1","2022","14:00:00","2022-10-30"
"2022-10-30VGKWPG","VGK","WPG","2","1","2022","20:00:00","2022-10-30"
"2022-10-31BUFDET","BUF","DET","8","3","2022","19:00:00","2022-10-31"
"2022-10-31CARWSH","CAR","WSH","3","2","2022","19:00:00","2022-10-31"
"2022-10-31STLLAK","STL","LAK","1","5","2022","20:00:00","2022-10-31"
"2022-11-01ARIFLA","ARI","FLA","3","1","2022","22:00:00","2022-11-01"
"2022-11-01CGYSEA","CGY","SEA","4","5","2022","21:00:00","2022-11-01"
"2022-11-01CHINYI","CHI","NYI","1","3","2022","20:30:00","2022-11-01"
"2022-11-01DALLAK","DAL","LAK","5","2","2022","20:30:00","2022-11-01"
"2022-11-01EDMNSH","EDM","NSH","7","4","2022","21:00:00","2022-11-01"
"2022-11-01MINMTL","MIN","MTL","4","1","2022","20:00:00","2022-11-01"
"2022-11-01NYRPHI","NYR","PHI","1","0","2022","19:00:00","2022-11-01"
"2022-11-01PITBOS","PIT","BOS","5","6","2022","20:00:00","2022-11-01"
"2022-11-01SJSANA","SJS","ANA","5","6","2022","22:30:00","2022-11-01"
"2022-11-01TBLOTT","TBL","OTT","4","3","2022","19:00:00","2022-11-01"
"2022-11-01VANNJD","VAN","NJD","2","5","2022","22:00:00","2022-11-01"
"2022-11-01WSHVGK","WSH","VGK","2","3","2022","19:00:00","2022-11-01"
"2022-11-02BUFPIT","BUF","PIT","6","3","2022","19:30:00","2022-11-02"
"2022-11-02TORPHI","TOR","PHI","5","2","2022","19:00:00","2022-11-02"
"2022-11-03ARIDAL","ARI","DAL","2","7","2022","22:00:00","2022-11-03"
"2022-11-03CGYNSH","CGY","NSH","1","4","2022","21:00:00","2022-11-03"
"2022-11-03CHILAK","CHI","LAK","2","1","2022","20:30:00","2022-11-03"
"2022-11-03DETWSH","DET","WSH","3","1","2022","19:00:00","2022-11-03"
"2022-11-03EDMNJD","EDM","NJD","3","4","2022","21:00:00","2022-11-03"
"2022-11-03MINSEA","MIN","SEA","0","4","2022","20:00:00","2022-11-03"
"2022-11-03NYRBOS","NYR","BOS","2","5","2022","19:30:00","2022-11-03"
"2022-11-03OTTVGK","OTT","VGK","4","5","2022","19:00:00","2022-11-03"
"2022-11-03SJSFLA","SJS","FLA","3","4","2022","22:30:00","2022-11-03"
"2022-11-03STLNYI","STL","NYI","2","5","2022","20:00:00","2022-11-03"
"2022-11-03TBLCAR","TBL","CAR","3","4","2022","19:00:00","2022-11-03"
"2022-11-03VANANA","VAN","ANA","8","5","2022","22:00:00","2022-11-03"
"2022-11-03WPGMTL","WPG","MTL","3","2","2022","20:00:00","2022-11-03"
"2022-11-04CARBUF","CAR","BUF","5","3","2022","19:00:00","2022-11-04"
"2022-11-04COLCBJ","COL","CBJ","6","3","2022","14:00:00","2022-11-04"
"2022-11-05CBJCOL","CBJ","COL","1","5","2022","14:00:00","2022-11-05"
"2022-11-05CGYNJD","CGY","NJD","3","4","2022","22:00:00","2022-11-05"
"2022-11-05DETNYI","DET","NYI","3","0","2022","13:00:00","2022-11-05"
"2022-11-05EDMDAL","EDM","DAL","2","6","2022","16:00:00","2022-11-05"
"2022-11-05LAKFLA","LAK","FLA","5","4","2022","22:30:00","2022-11-05"
"2022-11-05MTLVGK","MTL","VGK","4","6","2022","19:00:00","2022-11-05"
"2022-11-05OTTPHI","OTT","PHI","1","2","2022","19:00:00","2022-11-05"
"2022-11-05PITSEA","PIT","SEA","2","3","2022","19:00:00","2022-11-05"
"2022-11-05SJSANA","SJS","ANA","4","5","2022","22:30:00","2022-11-05"
"2022-11-05TBLBUF","TBL","BUF","5","3","2022","19:00:00","2022-11-05"
"2022-11-05TORBOS","TOR","BOS","2","1","2022","19:00:00","2022-11-05"
"2022-11-05VANNSH","VAN","NSH","3","4","2022","22:00:00","2022-11-05"
"2022-11-05WPGCHI","WPG","CHI","4","0","2022","15:00:00","2022-11-05"
"2022-11-05WSHARI","WSH","ARI","2","3","2022","19:00:00","2022-11-05"
"2022-11-06ANAFLA","ANA","FLA","3","5","2022","21:00:00","2022-11-06"
"2022-11-06CARTOR","CAR","TOR","1","3","2022","17:00:00","2022-11-06"
"2022-11-06NYRDET","NYR","DET","2","3","2022","17:00:00","2022-11-06"
"2022-11-07BOSSTL","BOS","STL","3","1","2022","19:00:00","2022-11-07"
"2022-11-07NYICGY","NYI","CGY","4","3","2022","19:00:00","2022-11-07"
"2022-11-07WSHEDM","WSH","EDM","5","4","2022","20:00:00","2022-11-07"
"2022-11-08BUFARI","BUF","ARI","1","4","2022","19:00:00","2022-11-08"
"2022-11-08DETMTL","DET","MTL","2","3","2022","19:00:00","2022-11-08"
"2022-11-08LAKMIN","LAK","MIN","1","0","2022","22:30:00","2022-11-08"
"2022-11-08NJDCGY","NJD","CGY","3","2","2022","19:00:00","2022-11-08"
"2022-11-08NYRNYI","NYR","NYI","3","4","2022","19:00:00","2022-11-08"
"2022-11-08OTTVAN","OTT","VAN","4","6","2022","19:00:00","2022-11-08"
"2022-11-08PHISTL","PHI","STL","5","1","2022","19:00:00","2022-11-08"
"2022-11-08SEANSH","SEA","NSH","5","1","2022","22:00:00","2022-11-08"
"2022-11-08TBLEDM","TBL","EDM","2","3","2022","19:30:00","2022-11-08"
"2022-11-08TORVGK","TOR","VGK","3","4","2022","19:00:00","2022-11-08"
"2022-11-08WPGDAL","WPG","DAL","5","1","2022","20:00:00","2022-11-08"
"2022-11-09ANAMIN","ANA","MIN","1","4","2022","22:00:00","2022-11-09"
"2022-11-09FLACAR","FLA","CAR","3","0","2022","19:00:00","2022-11-09"
"2022-11-09MTLVAN","MTL","VAN","5","2","2022","19:30:00","2022-11-09"
"2022-11-09WSHPIT","WSH","PIT","1","4","2022","19:30:00","2022-11-09"
"2022-11-10BOSCGY","BOS","CGY","3","1","2022","19:00:00","2022-11-10"
"2022-11-10BUFVGK","BUF","VGK","4","7","2022","19:00:00","2022-11-10"
"2022-11-10CAREDM","CAR","EDM","7","2","2022","19:00:00","2022-11-10"
"2022-11-10CBJPHI","CBJ","PHI","5","2","2022","19:00:00","2022-11-10"
"2022-11-10COLNSH","COL","NSH","5","3","2022","21:00:00","2022-11-10"
"2022-11-10DETNYR","DET","NYR","2","8","2022","19:00:00","2022-11-10"
"2022-11-10LAKCHI","LAK","CHI","2","1","2022","22:30:00","2022-11-10"
"2022-11-10NJDOTT","NJD","OTT","4","3","2022","19:00:00","2022-11-10"
"2022-11-10NYIARI","NYI","ARI","0","2","2022","19:30:00","2022-11-10"
"2022-11-10STLSJS","STL","SJS","5","3","2022","20:00:00","2022-11-10"
"2022-11-11DALSJS","DAL","SJS","4","5","2022","20:30:00","2022-11-11"
"2022-11-11SEAMIN","SEA","MIN","0","1","2022","22:00:00","2022-11-11"
"2022-11-11TORPIT","TOR","PIT","2","4","2022","19:00:00","2022-11-11"
"2022-11-11WSHTBL","WSH","TBL","5","1","2022","19:00:00","2022-11-11"
"2022-11-12ANACHI","ANA","CHI","2","3","2022","22:00:00","2022-11-12"
"2022-11-12BUFBOS","BUF","BOS","1","3","2022","19:00:00","2022-11-12"
"2022-11-12CGYWPG","CGY","WPG","3","2","2022","22:00:00","2022-11-12"
"2022-11-12COLCAR","COL","CAR","4","1","2022","21:00:00","2022-11-12"
"2022-11-12FLAEDM","FLA","EDM","2","4","2022","16:00:00","2022-11-12"
"2022-11-12LAKDET","LAK","DET","4","3","2022","22:30:00","2022-11-12"
"2022-11-12MTLPIT","MTL","PIT","5","4","2022","19:00:00","2022-11-12"
"2022-11-12NJDARI","NJD","ARI","4","2","2022","19:00:00","2022-11-12"
"2022-11-12NSHNYR","NSH","NYR","2","1","2022","20:00:00","2022-11-12"
"2022-11-12NYICBJ","NYI","CBJ","4","3","2022","19:30:00","2022-11-12"
"2022-11-12PHIOTT","PHI","OTT","1","4","2022","13:00:00","2022-11-12"
"2022-11-12TORVAN","TOR","VAN","3","2","2022","19:00:00","2022-11-12"
"2022-11-12VGKSTL","VGK","STL","2","3","2022","22:00:00","2022-11-12"
"2022-11-13BOSVAN","BOS","VAN","5","2","2022","18:00:00","2022-11-13"
"2022-11-13MINSJS","MIN","SJS","2","3","2022","18:00:00","2022-11-13"
"2022-11-13NYRARI","NYR","ARI","4","1","2022","19:00:00","2022-11-13"
"2022-11-13PHIDAL","PHI","DAL","1","5","2022","13:00:00","2022-11-13"
"2022-11-13SEAWPG","SEA","WPG","2","3","2022","20:00:00","2022-11-13"
"2022-11-13TBLWSH","TBL","WSH","6","3","2022","19:00:00","2022-11-13"
"2022-11-14CGYLAK","CGY","LAK","6","5","2022","20:30:00","2022-11-14"
"2022-11-14CHICAR","CHI","CAR","0","3","2022","20:30:00","2022-11-14"
"2022-11-14COLSTL","COL","STL","2","3","2022","21:00:00","2022-11-14"
"2022-11-14OTTNYI","OTT","NYI","2","4","2022","17:30:00","2022-11-14"
"2022-11-15ANADET","ANA","DET","3","2","2022","22:00:00","2022-11-15"
"2022-11-15BUFVAN","BUF","VAN","4","5","2022","19:00:00","2022-11-15"
"2022-11-15CBJPHI","CBJ","PHI","5","4","2022","19:30:00","2022-11-15"
"2022-11-15FLAWSH","FLA","WSH","5","2","2022","19:00:00","2022-11-15"
"2022-11-15MTLNJD","MTL","NJD","1","5","2022","19:00:00","2022-11-15"
"2022-11-15NSHMIN","NSH","MIN","2","1","2022","20:00:00","2022-11-15"
"2022-11-15PITTOR","PIT","TOR","2","5","2022","19:00:00","2022-11-15"
"2022-11-15TBLDAL","TBL","DAL","5","4","2022","19:00:00","2022-11-15"
"2022-11-15VGKSJS","VGK","SJS","2","5","2022","22:00:00","2022-11-15"
"2022-11-16CHISTL","CHI","STL","2","5","2022","19:30:00","2022-11-16"
"2022-11-16EDMLAK","EDM","LAK","1","3","2022","22:00:00","2022-11-16"
"2022-11-16OTTBUF","OTT","BUF","4","1","2022","19:00:00","2022-11-16"
"2022-11-17BOSPHI","BOS","PHI","4","1","2022","19:00:00","2022-11-17"
"2022-11-17CARCOL","CAR","COL","2","3","2022","19:00:00","2022-11-17"
"2022-11-17CBJMTL","CBJ","MTL","6","4","2022","19:00:00","2022-11-17"
"2022-11-17FLADAL","FLA","DAL","4","6","2022","19:00:00","2022-11-17"
"2022-11-17MINPIT","MIN","PIT","4","6","2022","20:00:00","2022-11-17"
"2022-11-17NSHNYI","NSH","NYI","5","4","2022","20:00:00","2022-11-17"
"2022-11-17SEANYR","SEA","NYR","3","2","2022","22:00:00","2022-11-17"
"2022-11-17SJSDET","SJS","DET","4","7","2022","22:30:00","2022-11-17"
"2022-11-17STLWSH","STL","WSH","5","4","2022","20:00:00","2022-11-17"
"2022-11-17TBLCGY","TBL","CGY","4","1","2022","19:00:00","2022-11-17"
"2022-11-17TORNJD","TOR","NJD","2","3","2022","19:00:00","2022-11-17"
"2022-11-17VGKARI","VGK","ARI","4","1","2022","22:00:00","2022-11-17"
"2022-11-17WPGANA","WPG","ANA","3","2","2022","20:00:00","2022-11-17"
"2022-11-18VANLAK","VAN","LAK","4","1","2022","22:00:00","2022-11-18"
"2022-11-19BOSCHI","BOS","CHI","6","1","2022","19:00:00","2022-11-19"
"2022-11-19CBJDET","CBJ","DET","1","6","2022","19:00:00","2022-11-19"
"2022-11-19DALNYI","DAL","NYI","5","2","2022","20:00:00","2022-11-19"
"2022-11-19EDMVGK","EDM","VGK","4","3","2022","22:00:00","2022-11-19"
"2022-11-19FLACGY","FLA","CGY","4","5","2022","16:00:00","2022-11-19"
"2022-11-19MINCAR","MIN","CAR","2","1","2022","20:00:00","2022-11-19"
"2022-11-19MTLPHI","MTL","PHI","5","4","2022","19:00:00","2022-11-19"
"2022-11-19NSHTBL","NSH","TBL","2","3","2022","20:00:00","2022-11-19"
"2022-11-19OTTNJD","OTT","NJD","1","5","2022","13:00:00","2022-11-19"
"2022-11-19SEALAK","SEA","LAK","3","2","2022","22:00:00","2022-11-19"
"2022-11-19SJSNYR","SJS","NYR","1","2","2022","22:30:00","2022-11-19"
"2022-11-19STLANA","STL","ANA","6","2","2022","20:00:00","2022-11-19"
"2022-11-19TORBUF","TOR","BUF","5","2","2022","19:00:00","2022-11-19"
"2022-11-19WPGPIT","WPG","PIT","0","3","2022","19:00:00","2022-11-19"
"2022-11-19WSHCOL","WSH","COL","0","4","2022","19:00:00","2022-11-19"
"2022-11-20CBJFLA","CBJ","FLA","5","3","2022","18:00:00","2022-11-20"
"2022-11-20CHIPIT","CHI","PIT","3","5","2022","19:00:00","2022-11-20"
"2022-11-21DALCOL","DAL","COL","2","3","2022","20:30:00","2022-11-21"
"2022-11-21NJDEDM","NJD","EDM","5","2","2022","19:00:00","2022-11-21"
"2022-11-21NSHARI","NSH","ARI","4","3","2022","20:00:00","2022-11-21"
"2022-11-21PHICGY","PHI","CGY","2","5","2022","19:00:00","2022-11-21"
"2022-11-21SJSOTT","SJS","OTT","5","1","2022","22:30:00","2022-11-21"
"2022-11-21STLANA","STL","ANA","3","1","2022","20:00:00","2022-11-21"
"2022-11-21TBLBOS","TBL","BOS","3","5","2022","19:00:00","2022-11-21"
"2022-11-21TORNYI","TOR","NYI","2","3","2022","19:30:00","2022-11-21"
"2022-11-21VANVGK","VAN","VGK","4","5","2022","22:30:00","2022-11-21"
"2022-11-21WPGCAR","WPG","CAR","4","3","2022","19:30:00","2022-11-21"
"2022-11-22LAKNYR","LAK","NYR","3","5","2022","22:30:00","2022-11-22"
"2022-11-22MTLBUF","MTL","BUF","2","7","2022","19:00:00","2022-11-22"
"2022-11-23ANANYR","ANA","NYR","3","2","2022","22:00:00","2022-11-23"
"2022-11-23BUFSTL","BUF","STL","6","2","2022","19:00:00","2022-11-23"
"2022-11-23CARARI","CAR","ARI","0","4","2022","19:00:00","2022-11-23"
"2022-11-23CBJMTL","CBJ","MTL","1","3","2022","19:00:00","2022-11-23"
"2022-11-23COLVAN","COL","VAN","3","4","2022","22:00:00","2022-11-23"
"2022-11-23DALCHI","DAL","CHI","6","4","2022","20:30:00","2022-11-23"
"2022-11-23DETNSH","DET","NSH","3","0","2022","19:00:00","2022-11-23"
"2022-11-23FLABOS","FLA","BOS","5","2","2022","19:00:00","2022-11-23"
"2022-11-23MINWPG","MIN","WPG","6","1","2022","19:00:00","2022-11-23"
"2022-11-23NJDTOR","NJD","TOR","1","2","2022","19:00:00","2022-11-23"
"2022-11-23NYIEDM","NYI","EDM","3","0","2022","19:30:00","2022-11-23"
"2022-11-23PITCGY","PIT","CGY","2","1","2022","19:00:00","2022-11-23"
"2022-11-23SEASJS","SEA","SJS","8","5","2022","22:00:00","2022-11-23"
"2022-11-23VGKOTT","VGK","OTT","4","1","2022","22:00:00","2022-11-23"
"2022-11-23WSHPHI","WSH","PHI","3","2","2022","19:30:00","2022-11-23"
"2022-11-25ANAOTT","ANA","OTT","1","5","2022","15:00:00","2022-11-25"
"2022-11-25BOSCAR","BOS","CAR","3","2","2022","13:00:00","2022-11-25"
"2022-11-25BUFNJD","BUF","NJD","1","3","2022","20:00:00","2022-11-25"
"2022-11-25CBJNYI","CBJ","NYI","2","3","2022","20:00:00","2022-11-25"
"2022-11-25CHIMTL","CHI","MTL","2","3","2022","14:00:00","2022-11-25"
"2022-11-25DALWPG","DAL","WPG","4","5","2022","20:30:00","2022-11-25"
"2022-11-25DETARI","DET","ARI","4","3","2022","20:00:00","2022-11-25"
"2022-11-25MINTOR","MIN","TOR","3","4","2022","14:00:00","2022-11-25"
"2022-11-25PHIPIT","PHI","PIT","1","4","2022","17:30:00","2022-11-25"
"2022-11-25SJSLAK","SJS","LAK","2","5","2022","22:30:00","2022-11-25"
"2022-11-25TBLSTL","TBL","STL","5","2","2022","20:00:00","2022-11-25"
"2022-11-25VGKSEA","VGK","SEA","2","4","2022","20:00:00","2022-11-25"
"2022-11-25WSHCGY","WSH","CGY","3","0","2022","14:00:00","2022-11-25"
"2022-11-26CARCGY","CAR","CGY","3","2","2022","16:00:00","2022-11-26"
"2022-11-26COLDAL","COL","DAL","4","1","2022","21:00:00","2022-11-26"
"2022-11-26FLASTL","FLA","STL","4","5","2022","18:30:00","2022-11-26"
"2022-11-26NJDWSH","NJD","WSH","5","1","2022","19:00:00","2022-11-26"
"2022-11-26NYIPHI","NYI","PHI","5","2","2022","19:30:00","2022-11-26"
"2022-11-26NYREDM","NYR","EDM","3","4","2022","13:00:00","2022-11-26"
"2022-11-26PITTOR","PIT","TOR","1","4","2022","19:00:00","2022-11-26"
"2022-11-26VGKVAN","VGK","VAN","1","5","2022","22:00:00","2022-11-26"
"2022-11-27ANASEA","ANA","SEA","4","5","2022","20:00:00","2022-11-27"
"2022-11-27CHIWPG","CHI","WPG","2","7","2022","19:00:00","2022-11-27"
"2022-11-27LAKOTT","LAK","OTT","2","3","2022","22:30:00","2022-11-27"
"2022-11-27MINARI","MIN","ARI","4","3","2022","14:00:00","2022-11-27"
"2022-11-27SJSVAN","SJS","VAN","3","4","2022","20:00:00","2022-11-27"
"2022-11-28BUFTBL","BUF","TBL","5","6","2022","19:00:00","2022-11-28"
"2022-11-28CBJVGK","CBJ","VGK","2","3","2022","19:00:00","2022-11-28"
"2022-11-28DETTOR","DET","TOR","2","4","2022","19:00:00","2022-11-28"
"2022-11-28EDMFLA","EDM","FLA","4","3","2022","21:30:00","2022-11-28"
"2022-11-28NYRNJD","NYR","NJD","3","5","2022","19:00:00","2022-11-28"
"2022-11-28STLDAL","STL","DAL","1","4","2022","20:00:00","2022-11-28"
"2022-11-29BOSTBL","BOS","TBL","3","1","2022","19:00:00","2022-11-29"
"2022-11-29CGYFLA","CGY","FLA","6","2","2022","21:00:00","2022-11-29"
"2022-11-29LAKSEA","LAK","SEA","8","9","2022","22:30:00","2022-11-29"
"2022-11-29MTLSJS","MTL","SJS","0","4","2022","19:00:00","2022-11-29"
"2022-11-29NSHANA","NSH","ANA","2","1","2022","20:00:00","2022-11-29"
"2022-11-29PHINYI","PHI","NYI","3","1","2022","19:30:00","2022-11-29"
"2022-11-29PITCAR","PIT","CAR","2","3","2022","19:00:00","2022-11-29"
"2022-11-29VANWSH","VAN","WSH","1","5","2022","22:00:00","2022-11-29"
"2022-11-29WPGCOL","WPG","COL","5","0","2022","20:00:00","2022-11-29"
"2022-11-30CHIEDM","CHI","EDM","4","5","2022","21:30:00","2022-11-30"
"2022-11-30DETBUF","DET","BUF","4","5","2022","19:00:00","2022-11-30"
"2022-11-30OTTNYR","OTT","NYR","1","3","2022","19:00:00","2022-11-30"
"2022-11-30TORSJS","TOR","SJS","3","1","2022","19:00:00","2022-11-30"
"2022-12-01BUFCOL","BUF","COL","4","6","2022","19:00:00","2022-12-01"
"2022-12-01CGYMTL","CGY","MTL","1","2","2022","21:00:00","2022-12-01"
"2022-12-01DALANA","DAL","ANA","5","0","2022","20:30:00","2022-12-01"
"2022-12-01LAKARI","LAK","ARI","5","3","2022","22:30:00","2022-12-01"
"2022-12-01MINEDM","MIN","EDM","5","3","2022","20:00:00","2022-12-01"
"2022-12-01NJDNSH","NJD","NSH","3","4","2022","19:00:00","2022-12-01"
"2022-12-01PHITBL","PHI","TBL","1","4","2022","19:00:00","2022-12-01"
"2022-12-01PITVGK","PIT","VGK","4","3","2022","19:00:00","2022-12-01"
"2022-12-01SEAWSH","SEA","WSH","3","2","2022","22:00:00","2022-12-01"
"2022-12-01STLCAR","STL","CAR","4","6","2022","20:00:00","2022-12-01"
"2022-12-01VANFLA","VAN","FLA","1","5","2022","22:00:00","2022-12-01"
"2022-12-02NYINSH","NYI","NSH","1","4","2022","19:30:00","2022-12-02"
"2022-12-02NYROTT","NYR","OTT","2","3","2022","19:00:00","2022-12-02"
"2022-12-02WPGCBJ","WPG","CBJ","1","4","2022","20:00:00","2022-12-02"
"2022-12-03BOSCOL","BOS","COL","5","1","2022","19:00:00","2022-12-03"
"2022-12-03CGYWSH","CGY","WSH","5","2","2022","22:00:00","2022-12-03"
"2022-12-03DETVGK","DET","VGK","1","4","2022","19:00:00","2022-12-03"
"2022-12-03EDMMTL","EDM","MTL","5","3","2022","19:00:00","2022-12-03"
"2022-12-03LAKCAR","LAK","CAR","2","4","2022","22:30:00","2022-12-03"
"2022-12-03MINANA","MIN","ANA","5","4","2022","14:00:00","2022-12-03"
"2022-12-03NYRCHI","NYR","CHI","2","5","2022","19:30:00","2022-12-03"
"2022-12-03OTTSJS","OTT","SJS","5","2","2022","19:00:00","2022-12-03"
"2022-12-03PHINJD","PHI","NJD","2","3","2022","19:00:00","2022-12-03"
"2022-12-03PITSTL","PIT","STL","6","2","2022","19:00:00","2022-12-03"
"2022-12-03SEAFLA","SEA","FLA","1","5","2022","22:00:00","2022-12-03"
"2022-12-03TBLTOR","TBL","TOR","4","3","2022","19:00:00","2022-12-03"
"2022-12-03VANARI","VAN","ARI","3","2","2022","22:00:00","2022-12-03"
"2022-12-04BUFSJS","BUF","SJS","6","3","2022","19:00:00","2022-12-04"
"2022-12-04CBJDET","CBJ","DET","2","4","2022","18:00:00","2022-12-04"
"2022-12-04DALMIN","DAL","MIN","5","6","2022","15:00:00","2022-12-04"
"2022-12-04NYICHI","NYI","CHI","3","0","2022","19:30:00","2022-12-04"
"2022-12-04WPGANA","WPG","ANA","5","2","2022","15:00:00","2022-12-04"
"2022-12-05BOSVGK","BOS","VGK","3","4","2022","19:00:00","2022-12-05"
"2022-12-05CGYARI","CGY","ARI","3","2","2022","21:00:00","2022-12-05"
"2022-12-05EDMWSH","EDM","WSH","2","3","2022","20:30:00","2022-12-05"
"2022-12-05NYRSTL","NYR","STL","6","4","2022","19:00:00","2022-12-05"
"2022-12-05PHICOL","PHI","COL","5","3","2022","19:00:00","2022-12-05"
"2022-12-05VANMTL","VAN","MTL","7","6","2022","22:30:00","2022-12-05"
"2022-12-06ANACAR","ANA","CAR","4","3","2022","22:00:00","2022-12-06"
"2022-12-06DALTOR","DAL","TOR","0","4","2022","20:30:00","2022-12-06"
"2022-12-06NJDCHI","NJD","CHI","3","0","2022","19:00:00","2022-12-06"
"2022-12-06NYISTL","NYI","STL","4","7","2022","19:30:00","2022-12-06"
"2022-12-06OTTLAK","OTT","LAK","2","5","2022","19:00:00","2022-12-06"
"2022-12-06PITCBJ","PIT","CBJ","4","1","2022","19:00:00","2022-12-06"
"2022-12-06SEAMTL","SEA","MTL","2","4","2022","22:00:00","2022-12-06"
"2022-12-06TBLDET","TBL","DET","2","4","2022","19:00:00","2022-12-06"
"2022-12-06WPGFLA","WPG","FLA","5","2","2022","20:00:00","2022-12-06"
"2022-12-07CBJBUF","CBJ","BUF","4","9","2022","19:30:00","2022-12-07"
"2022-12-07CGYMIN","CGY","MIN","5","3","2022","20:00:00","2022-12-07"
"2022-12-07COLBOS","COL","BOS","0","4","2022","21:00:00","2022-12-07"
"2022-12-07EDMARI","EDM","ARI","8","2","2022","21:30:00","2022-12-07"
"2022-12-07PHIWSH","PHI","WSH","1","4","2022","19:00:00","2022-12-07"
"2022-12-07SJSVAN","SJS","VAN","5","6","2022","22:30:00","2022-12-07"
"2022-12-07VGKNYR","VGK","NYR","1","5","2022","22:00:00","2022-12-07"
"2022-12-08DALOTT","DAL","OTT","4","3","2022","20:30:00","2022-12-08"
"2022-12-08FLADET","FLA","DET","5","1","2022","19:30:00","2022-12-08"
"2022-12-08STLWPG","STL","WPG","2","5","2022","20:00:00","2022-12-08"
"2022-12-08TBLNSH","TBL","NSH","5","2","2022","19:00:00","2022-12-08"
"2022-12-08TORLAK","TOR","LAK","5","0","2022","19:00:00","2022-12-08"
"2022-12-09ANASJS","ANA","SJS","1","6","2022","22:00:00","2022-12-09"
"2022-12-09ARIBOS","ARI","BOS","4","3","2022","21:30:00","2022-12-09"
"2022-12-09BUFPIT","BUF","PIT","3","4","2022","19:00:00","2022-12-09"
"2022-12-09CBJCGY","CBJ","CGY","3","1","2022","19:00:00","2022-12-09"
"2022-12-09CHIWPG","CHI","WPG","1","3","2022","20:30:00","2022-12-09"
"2022-12-09COLNYR","COL","NYR","1","2","2022","21:00:00","2022-12-09"
"2022-12-09EDMMIN","EDM","MIN","5","2","2022","21:00:00","2022-12-09"
"2022-12-09NJDNYI","NJD","NYI","4","6","2022","19:00:00","2022-12-09"
"2022-12-09VGKPHI","VGK","PHI","2","1","2022","22:00:00","2022-12-09"
"2022-12-09WSHSEA","WSH","SEA","4","1","2022","19:00:00","2022-12-09"
"2022-12-10DALDET","DAL","DET","3","2","2022","14:00:00","2022-12-10"
"2022-12-10MTLLAK","MTL","LAK","2","4","2022","19:00:00","2022-12-10"
"2022-12-10NSHOTT","NSH","OTT","2","3","2022","13:30:00","2022-12-10"
"2022-12-10NYICAR","NYI","CAR","0","3","2022","19:30:00","2022-12-10"
"2022-12-10PITBUF","PIT","BUF","3","1","2022","19:00:00","2022-12-10"
"2022-12-10TBLFLA","TBL","FLA","4","1","2022","16:30:00","2022-12-10"
"2022-12-10TORCGY","TOR","CGY","5","4","2022","19:00:00","2022-12-10"
"2022-12-10VANMIN","VAN","MIN","0","3","2022","22:00:00","2022-12-10"
"2022-12-11ARIPHI","ARI","PHI","5","4","2022","19:00:00","2022-12-11"
"2022-12-11CBJLAK","CBJ","LAK","6","5","2022","18:00:00","2022-12-11"
"2022-12-11FLASEA","FLA","SEA","2","5","2022","18:00:00","2022-12-11"
"2022-12-11STLCOL","STL","COL","2","3","2022","15:00:00","2022-12-11"
"2022-12-11VGKBOS","VGK","BOS","1","3","2022","20:00:00","2022-12-11"
"2022-12-11WPGWSH","WPG","WSH","2","5","2022","19:00:00","2022-12-11"
"2022-12-12MINEDM","MIN","EDM","2","1","2022","20:00:00","2022-12-12"
"2022-12-12MTLCGY","MTL","CGY","2","1","2022","19:00:00","2022-12-12"
"2022-12-12NYRNJD","NYR","NJD","4","3","2022","19:00:00","2022-12-12"
"2022-12-12OTTANA","OTT","ANA","3","0","2022","19:30:00","2022-12-12"
"2022-12-12PITDAL","PIT","DAL","2","1","2022","19:00:00","2022-12-12"
"2022-12-12STLNSH","STL","NSH","1","0","2022","20:00:00","2022-12-12"
"2022-12-13BOSNYI","BOS","NYI","4","3","2022","19:00:00","2022-12-13"
"2022-12-13BUFLAK","BUF","LAK","6","0","2022","19:00:00","2022-12-13"
"2022-12-13CHIWSH","CHI","WSH","3","7","2022","21:00:00","2022-12-13"
"2022-12-13COLPHI","COL","PHI","3","2","2022","21:00:00","2022-12-13"
"2022-12-13DETCAR","DET","CAR","0","1","2022","19:00:00","2022-12-13"
"2022-12-13FLACBJ","FLA","CBJ","4","0","2022","19:00:00","2022-12-13"
"2022-12-13NJDDAL","NJD","DAL","1","4","2022","19:00:00","2022-12-13"
"2022-12-13NSHEDM","NSH","EDM","3","6","2022","20:00:00","2022-12-13"
"2022-12-13SJSARI","SJS","ARI","3","2","2022","22:30:00","2022-12-13"
"2022-12-13TBLSEA","TBL","SEA","6","2","2022","19:00:00","2022-12-13"
"2022-12-13TORANA","TOR","ANA","7","0","2022","19:00:00","2022-12-13"
"2022-12-13WPGVGK","WPG","VGK","5","6","2022","20:00:00","2022-12-13"
"2022-12-14CGYVAN","CGY","VAN","3","4","2022","22:00:00","2022-12-14"
"2022-12-14MINDET","MIN","DET","4","1","2022","19:30:00","2022-12-14"
"2022-12-14OTTMTL","OTT","MTL","3","2","2022","19:00:00","2022-12-14"
"2022-12-15BOSLAK","BOS","LAK","2","3","2022","19:00:00","2022-12-15"
"2022-12-15CARSEA","CAR","SEA","3","2","2022","19:00:00","2022-12-15"
"2022-12-15CHIVGK","CHI","VGK","1","4","2022","20:30:00","2022-12-15"
"2022-12-15COLBUF","COL","BUF","2","4","2022","21:00:00","2022-12-15"
"2022-12-15EDMSTL","EDM","STL","3","4","2022","21:00:00","2022-12-15"
"2022-12-15FLAPIT","FLA","PIT","2","4","2022","19:00:00","2022-12-15"
"2022-12-15MTLANA","MTL","ANA","2","5","2022","19:00:00","2022-12-15"
"2022-12-15NJDPHI","NJD","PHI","1","2","2022","19:00:00","2022-12-15"
"2022-12-15NYRTOR","NYR","TOR","3","1","2022","19:00:00","2022-12-15"
"2022-12-15TBLCBJ","TBL","CBJ","4","1","2022","19:00:00","2022-12-15"
"2022-12-15WPGNSH","WPG","NSH","2","1","2022","20:00:00","2022-12-15"
"2022-12-15WSHDAL","WSH","DAL","1","2","2022","19:00:00","2022-12-15"
"2022-12-16ARINYI","ARI","NYI","5","4","2022","21:30:00","2022-12-16"
"2022-12-16CGYSTL","CGY","STL","2","5","2022","21:00:00","2022-12-16"
"2022-12-16MINCHI","MIN","CHI","4","1","2022","20:00:00","2022-12-16"
"2022-12-17ARIBUF","ARI","BUF","2","5","2022","21:00:00","2022-12-17"
"2022-12-17BOSCBJ","BOS","CBJ","4","2","2022","13:00:00","2022-12-17"
"2022-12-17CARDAL","CAR","DAL","5","4","2022","19:00:00","2022-12-17"
"2022-12-17COLNSH","COL","NSH","3","1","2022","21:00:00","2022-12-17"
"2022-12-17DETOTT","DET","OTT","3","6","2022","13:00:00","2022-12-17"
"2022-12-17EDMANA","EDM","ANA","3","4","2022","16:00:00","2022-12-17"
"2022-12-17LAKSJS","LAK","SJS","3","2","2022","22:30:00","2022-12-17"
"2022-12-17MTLTBL","MTL","TBL","1","5","2022","19:00:00","2022-12-17"
"2022-12-17NJDFLA","NJD","FLA","2","4","2022","19:30:00","2022-12-17"
"2022-12-17PHINYR","PHI","NYR","3","6","2022","19:00:00","2022-12-17"
"2022-12-17VANWPG","VAN","WPG","1","5","2022","22:00:00","2022-12-17"
"2022-12-17VGKNYI","VGK","NYI","2","5","2022","22:00:00","2022-12-17"
"2022-12-17WSHTOR","WSH","TOR","5","2","2022","19:00:00","2022-12-17"
"2022-12-18CARPIT","CAR","PIT","3","2","2022","17:00:00","2022-12-18"
"2022-12-18CHINYR","CHI","NYR","1","7","2022","19:30:00","2022-12-18"
"2022-12-18MINOTT","MIN","OTT","4","2","2022","14:00:00","2022-12-18"
"2022-12-18SEAWPG","SEA","WPG","3","2","2022","20:00:00","2022-12-18"
"2022-12-18SJSCGY","SJS","CGY","2","5","2022","22:00:00","2022-12-18"
"2022-12-19ARIMTL","ARI","MTL","2","3","2022","22:00:00","2022-12-19"
"2022-12-19BOSFLA","BOS","FLA","7","3","2022","19:00:00","2022-12-19"
"2022-12-19CBJDAL","CBJ","DAL","1","2","2022","19:00:00","2022-12-19"
"2022-12-19COLNYI","COL","NYI","1","0","2022","21:00:00","2022-12-19"
"2022-12-19NSHEDM","NSH","EDM","4","3","2022","20:00:00","2022-12-19"
"2022-12-19VANSTL","VAN","STL","1","5","2022","22:30:00","2022-12-19"
"2022-12-19VGKBUF","VGK","BUF","2","3","2022","22:00:00","2022-12-19"
"2022-12-19WSHDET","WSH","DET","4","3","2022","19:00:00","2022-12-19"
"2022-12-20CARNJD","CAR","NJD","4","1","2022","19:00:00","2022-12-20"
"2022-12-20LAKANA","LAK","ANA","4","1","2022","22:30:00","2022-12-20"
"2022-12-20PHICBJ","PHI","CBJ","5","3","2022","19:00:00","2022-12-20"
"2022-12-20PITNYR","PIT","NYR","3","2","2022","19:00:00","2022-12-20"
"2022-12-20SEASTL","SEA","STL","5","2","2022","22:00:00","2022-12-20"
"2022-12-20SJSCGY","SJS","CGY","3","7","2022","22:30:00","2022-12-20"
"2022-12-20TORTBL","TOR","TBL","4","1","2022","19:00:00","2022-12-20"
"2022-12-20WPGOTT","WPG","OTT","5","1","2022","20:00:00","2022-12-20"
"2022-12-21ANAMIN","ANA","MIN","1","4","2022","22:00:00","2022-12-21"
"2022-12-21CHINSH","CHI","NSH","2","4","2022","20:30:00","2022-12-21"
"2022-12-21COLMTL","COL","MTL","2","1","2022","20:00:00","2022-12-21"
"2022-12-21DALEDM","DAL","EDM","3","6","2022","21:30:00","2022-12-21"
"2022-12-21DETTBL","DET","TBL","7","4","2022","19:00:00","2022-12-21"
"2022-12-21FLANJD","FLA","NJD","2","4","2022","19:00:00","2022-12-21"
"2022-12-21VGKARI","VGK","ARI","5","2","2022","22:00:00","2022-12-21"
"2022-12-22BOSWPG","BOS","WPG","3","2","2022","19:00:00","2022-12-22"
"2022-12-22LAKCGY","LAK","CGY","4","3","2022","22:30:00","2022-12-22"
"2022-12-22NYRNYI","NYR","NYI","5","3","2022","19:00:00","2022-12-22"
"2022-12-22OTTWSH","OTT","WSH","2","3","2022","19:00:00","2022-12-22"
"2022-12-22PITCAR","PIT","CAR","3","4","2022","19:00:00","2022-12-22"
"2022-12-22SJSMIN","SJS","MIN","5","2","2022","22:30:00","2022-12-22"
"2022-12-22TORPHI","TOR","PHI","4","3","2022","14:00:00","2022-12-22"
"2022-12-22VANSEA","VAN","SEA","6","5","2022","22:00:00","2022-12-22"
"2022-12-23ANACGY","ANA","CGY","2","3","2022","22:30:00","2022-12-23"
"2022-12-23ARILAK","ARI","LAK","2","1","2022","21:30:00","2022-12-23"
"2022-12-23CARPHI","CAR","PHI","6","5","2022","19:00:00","2022-12-23"
"2022-12-23CHICBJ","CHI","CBJ","5","2","2022","20:30:00","2022-12-23"
"2022-12-23DALMTL","DAL","MTL","4","2","2022","20:00:00","2022-12-23"
"2022-12-23EDMVAN","EDM","VAN","2","5","2022","21:00:00","2022-12-23"
"2022-12-23NJDBOS","NJD","BOS","3","4","2022","19:00:00","2022-12-23"
"2022-12-23NSHCOL","NSH","COL","2","3","2022","20:00:00","2022-12-23"
"2022-12-23NYIFLA","NYI","FLA","5","1","2022","19:30:00","2022-12-23"
"2022-12-23VGKSTL","VGK","STL","5","4","2022","22:00:00","2022-12-23"
"2022-12-23WSHWPG","WSH","WPG","4","1","2022","19:00:00","2022-12-23"
"2022-12-27ARICOL","ARI","COL","6","3","2022","21:00:00","2022-12-27"
"2022-12-27CARCHI","CAR","CHI","3","0","2022","19:00:00","2022-12-27"
"2022-12-27CGYEDM","CGY","EDM","1","2","2022","21:00:00","2022-12-27"
"2022-12-27LAKVGK","LAK","VGK","4","2","2022","22:30:00","2022-12-27"
"2022-12-27NSHDAL","NSH","DAL","2","3","2022","20:00:00","2022-12-27"
"2022-12-27NYIPIT","NYI","PIT","5","1","2022","19:30:00","2022-12-27"
"2022-12-27NYRWSH","NYR","WSH","0","4","2022","19:00:00","2022-12-27"
"2022-12-27OTTBOS","OTT","BOS","3","2","2022","19:00:00","2022-12-27"
"2022-12-27STLTOR","STL","TOR","4","5","2022","20:00:00","2022-12-27"
"2022-12-27VANSJS","VAN","SJS","6","2","2022","22:00:00","2022-12-27"
"2022-12-27WPGMIN","WPG","MIN","1","4","2022","20:00:00","2022-12-27"
"2022-12-28ANAVGK","ANA","VGK","3","2","2022","22:00:00","2022-12-28"
"2022-12-28NJDBOS","NJD","BOS","1","3","2022","19:30:00","2022-12-28"
"2022-12-28PITDET","PIT","DET","4","5","2022","19:30:00","2022-12-28"
"2022-12-28SEACGY","SEA","CGY","2","3","2022","22:00:00","2022-12-28"
"2022-12-28TBLMTL","TBL","MTL","4","1","2022","19:00:00","2022-12-28"
"2022-12-29ARITOR","ARI","TOR","6","3","2022","21:00:00","2022-12-29"
"2022-12-29BUFDET","BUF","DET","6","3","2022","19:00:00","2022-12-29"
"2022-12-29COLLAK","COL","LAK","4","5","2022","21:00:00","2022-12-29"
"2022-12-29FLAMTL","FLA","MTL","7","2","2022","19:00:00","2022-12-29"
"2022-12-29MINDAL","MIN","DAL","1","4","2022","20:00:00","2022-12-29"
"2022-12-29NYICBJ","NYI","CBJ","2","1","2022","19:30:00","2022-12-29"
"2022-12-29SJSPHI","SJS","PHI","3","4","2022","22:30:00","2022-12-29"
"2022-12-29STLCHI","STL","CHI","3","1","2022","20:00:00","2022-12-29"
"2022-12-29TBLNYR","TBL","NYR","2","1","2022","19:00:00","2022-12-29"
"2022-12-29WPGVAN","WPG","VAN","4","2","2022","20:00:00","2022-12-29"
"2022-12-29WSHOTT","WSH","OTT","3","4","2022","19:00:00","2022-12-29"
"2022-12-30ANANSH","ANA","NSH","1","6","2022","17:00:00","2022-12-30"
"2022-12-30CARFLA","CAR","FLA","4","0","2022","19:30:00","2022-12-30"
"2022-12-30PITNJD","PIT","NJD","2","4","2022","19:00:00","2022-12-30"
"2022-12-30SEAEDM","SEA","EDM","2","7","2022","22:00:00","2022-12-30"
"2022-12-31BOSBUF","BOS","BUF","3","4","2022","13:00:00","2022-12-31"
"2022-12-31CBJCHI","CBJ","CHI","4","1","2022","13:00:00","2022-12-31"
"2022-12-31CGYVAN","CGY","VAN","3","2","2022","22:00:00","2022-12-31"
"2022-12-31COLTOR","COL","TOR","2","6","2022","19:00:00","2022-12-31"
"2022-12-31DALSJS","DAL","SJS","5","2","2022","20:00:00","2022-12-31"
"2022-12-31DETOTT","DET","OTT","4","2","2022","19:00:00","2022-12-31"
"2022-12-31EDMWPG","EDM","WPG","1","2","2022","22:00:00","2022-12-31"
"2022-12-31LAKPHI","LAK","PHI","2","4","2022","16:00:00","2022-12-31"
"2022-12-31STLMIN","STL","MIN","2","5","2022","18:00:00","2022-12-31"
"2022-12-31TBLARI","TBL","ARI","5","3","2022","17:00:00","2022-12-31"
"2022-12-31VGKNSH","VGK","NSH","5","4","2022","15:00:00","2022-12-31"
"2022-12-31WSHMTL","WSH","MTL","9","2","2022","16:00:00","2022-12-31"
"2023-01-01CHISJS","CHI","SJS","2","5","2022","19:00:00","2023-01-01"
"2023-01-01FLANYR","FLA","NYR","3","5","2022","17:00:00","2023-01-01"
"2023-01-01NJDCAR","NJD","CAR","4","5","2022","15:00:00","2023-01-01"
"2023-01-01OTTBUF","OTT","BUF","3","1","2022","19:00:00","2023-01-01"
"2023-01-01SEANYI","SEA","NYI","4","1","2022","20:00:00","2023-01-01"
"2023-01-02ANAPHI","ANA","PHI","1","4","2022","22:00:00","2023-01-02"
"2023-01-02BOSPIT","BOS","PIT","2","1","2022","14:00:00","2023-01-02"
"2023-01-02COLVGK","COL","VGK","2","3","2022","21:00:00","2023-01-02"
"2023-01-03CHITBL","CHI","TBL","1","4","2022","20:30:00","2023-01-03"
"2023-01-03EDMSEA","EDM","SEA","2","5","2022","21:00:00","2023-01-03"
"2023-01-03FLAARI","FLA","ARI","5","3","2022","19:00:00","2023-01-03"
"2023-01-03LAKDAL","LAK","DAL","3","2","2022","22:00:00","2023-01-03"
"2023-01-03NSHMTL","NSH","MTL","6","3","2022","20:00:00","2023-01-03"
"2023-01-03NYRCAR","NYR","CAR","5","3","2022","19:00:00","2023-01-03"
"2023-01-03OTTCBJ","OTT","CBJ","4","0","2022","19:00:00","2023-01-03"
"2023-01-03TORSTL","TOR","STL","5","6","2022","19:00:00","2023-01-03"
"2023-01-03VANNYI","VAN","NYI","2","6","2022","22:00:00","2023-01-03"
"2023-01-03WPGCGY","WPG","CGY","3","2","2022","20:00:00","2023-01-03"
"2023-01-03WSHBUF","WSH","BUF","4","5","2022","19:00:00","2023-01-03"
"2023-01-04ANADAL","ANA","DAL","2","0","2022","22:00:00","2023-01-04"
"2023-01-04DETNJD","DET","NJD","1","5","2022","19:00:00","2023-01-04"
"2023-01-04MINTBL","MIN","TBL","5","1","2022","21:30:00","2023-01-04"
"2023-01-05CARNSH","CAR","NSH","3","5","2022","19:00:00","2023-01-05"
"2023-01-05CBJWSH","CBJ","WSH","2","6","2022","19:00:00","2023-01-05"
"2023-01-05EDMNYI","EDM","NYI","4","2","2022","21:00:00","2023-01-05"
"2023-01-05LAKBOS","LAK","BOS","2","5","2022","22:30:00","2023-01-05"
"2023-01-05MTLNYR","MTL","NYR","1","4","2022","19:00:00","2023-01-05"
"2023-01-05NJDSTL","NJD","STL","3","5","2022","19:00:00","2023-01-05"
"2023-01-05PHIARI","PHI","ARI","6","2","2022","19:00:00","2023-01-05"
"2023-01-05TORSEA","TOR","SEA","1","5","2022","19:00:00","2023-01-05"
"2023-01-05VANCOL","VAN","COL","4","2","2022","22:00:00","2023-01-05"
"2023-01-05VGKPIT","VGK","PIT","5","2","2022","22:00:00","2023-01-05"
"2023-01-06ANASJS","ANA","SJS","5","4","2022","22:00:00","2023-01-06"
"2023-01-06CGYNYI","CGY","NYI","4","1","2022","21:00:00","2023-01-06"
"2023-01-06CHIARI","CHI","ARI","2","0","2022","20:30:00","2023-01-06"
"2023-01-06DETFLA","DET","FLA","2","3","2022","19:00:00","2023-01-06"
"2023-01-06WPGTBL","WPG","TBL","4","2","2022","20:00:00","2023-01-06"
"2023-01-06WSHNSH","WSH","NSH","2","3","2022","19:00:00","2023-01-06"
"2023-01-07BUFMIN","BUF","MIN","6","5","2022","19:00:00","2023-01-07"
"2023-01-07CBJCAR","CBJ","CAR","4","3","2022","16:00:00","2023-01-07"
"2023-01-07EDMCOL","EDM","COL","2","3","2022","22:00:00","2023-01-07"
"2023-01-07MTLSTL","MTL","STL","5","4","2022","19:00:00","2023-01-07"
"2023-01-07NJDNYR","NJD","NYR","4","3","2022","13:00:00","2023-01-07"
"2023-01-07OTTSEA","OTT","SEA","4","8","2022","19:00:00","2023-01-07"
"2023-01-07SJSBOS","SJS","BOS","2","4","2022","22:30:00","2023-01-07"
"2023-01-07TORDET","TOR","DET","4","1","2022","19:00:00","2023-01-07"
"2023-01-07VGKLAK","VGK","LAK","1","5","2022","22:00:00","2023-01-07"
"2023-01-08ANABOS","ANA","BOS","1","7","2022","20:30:00","2023-01-08"
"2023-01-08ARIPIT","ARI","PIT","1","4","2022","19:00:00","2023-01-08"
"2023-01-08CHICGY","CHI","CGY","4","3","2022","19:00:00","2023-01-08"
"2023-01-08DALFLA","DAL","FLA","5","1","2022","15:30:00","2023-01-08"
"2023-01-08MINSTL","MIN","STL","0","3","2022","19:00:00","2023-01-08"
"2023-01-08PHITOR","PHI","TOR","2","6","2022","19:00:00","2023-01-08"
"2023-01-08WPGVAN","WPG","VAN","7","4","2022","15:00:00","2023-01-08"
"2023-01-08WSHCBJ","WSH","CBJ","1","0","2022","17:00:00","2023-01-08"
"2023-01-09BUFPHI","BUF","PHI","0","4","2022","19:00:00","2023-01-09"
"2023-01-09LAKEDM","LAK","EDM","6","3","2022","22:30:00","2023-01-09"
"2023-01-09MTLSEA","MTL","SEA","0","4","2022","19:30:00","2023-01-09"
"2023-01-09OTTNSH","OTT","NSH","0","3","2022","19:30:00","2023-01-09"
"2023-01-10ARISJS","ARI","SJS","2","4","2022","21:00:00","2023-01-10"
"2023-01-10BUFSEA","BUF","SEA","3","4","2022","19:00:00","2023-01-10"
"2023-01-10CARNJD","CAR","NJD","3","5","2022","19:00:00","2023-01-10"
"2023-01-10COLFLA","COL","FLA","4","5","2022","21:30:00","2023-01-10"
"2023-01-10DETWPG","DET","WPG","7","5","2022","19:00:00","2023-01-10"
"2023-01-10NYIDAL","NYI","DAL","1","2","2022","19:30:00","2023-01-10"
"2023-01-10NYRMIN","NYR","MIN","4","3","2022","19:00:00","2023-01-10"
"2023-01-10PITVAN","PIT","VAN","5","4","2022","19:00:00","2023-01-10"
"2023-01-10STLCGY","STL","CGY","4","3","2022","20:00:00","2023-01-10"
"2023-01-10TBLCBJ","TBL","CBJ","6","3","2022","19:00:00","2023-01-10"
"2023-01-11ANAEDM","ANA","EDM","2","6","2022","22:00:00","2023-01-11"
"2023-01-11LAKSJS","LAK","SJS","4","3","2022","22:00:00","2023-01-11"
"2023-01-11PHIWSH","PHI","WSH","5","3","2022","19:00:00","2023-01-11"
"2023-01-11TORNSH","TOR","NSH","2","1","2022","19:30:00","2023-01-11"
"2023-01-12ARIOTT","ARI","OTT","3","5","2022","21:00:00","2023-01-12"
"2023-01-12BOSSEA","BOS","SEA","0","3","2022","19:00:00","2023-01-12"
"2023-01-12BUFWPG","BUF","WPG","2","4","2022","19:00:00","2023-01-12"
"2023-01-12CBJCAR","CBJ","CAR","2","6","2022","19:00:00","2023-01-12"
"2023-01-12CHICOL","CHI","COL","3","2","2022","20:30:00","2023-01-12"
"2023-01-12DETTOR","DET","TOR","4","1","2022","19:00:00","2023-01-12"
"2023-01-12MTLNSH","MTL","NSH","4","3","2022","19:00:00","2023-01-12"
"2023-01-12NYIMIN","NYI","MIN","1","3","2022","19:30:00","2023-01-12"
"2023-01-12NYRDAL","NYR","DAL","2","1","2022","19:00:00","2023-01-12"
"2023-01-12STLCGY","STL","CGY","1","4","2022","20:00:00","2023-01-12"
"2023-01-12TBLVAN","TBL","VAN","5","4","2022","19:00:00","2023-01-12"
"2023-01-12VGKFLA","VGK","FLA","4","2","2022","22:00:00","2023-01-12"
"2023-01-13ANANJD","ANA","NJD","2","6","2022","22:00:00","2023-01-13"
"2023-01-13PITWPG","PIT","WPG","1","4","2022","19:00:00","2023-01-13"
"2023-01-13SJSEDM","SJS","EDM","1","7","2022","22:30:00","2023-01-13"
"2023-01-14BOSTOR","BOS","TOR","4","3","2022","19:00:00","2023-01-14"
"2023-01-14CARPIT","CAR","PIT","2","1","2022","19:00:00","2023-01-14"
"2023-01-14CHISEA","CHI","SEA","5","8","2022","20:00:00","2023-01-14"
"2023-01-14COLOTT","COL","OTT","7","0","2022","19:00:00","2023-01-14"
"2023-01-14DALCGY","DAL","CGY","5","6","2022","14:00:00","2023-01-14"
"2023-01-14DETCBJ","DET","CBJ","3","4","2022","19:00:00","2023-01-14"
"2023-01-14FLAVAN","FLA","VAN","4","3","2022","19:00:00","2023-01-14"
"2023-01-14LAKNJD","LAK","NJD","2","5","2022","22:30:00","2023-01-14"
"2023-01-14MINARI","MIN","ARI","2","1","2022","20:00:00","2023-01-14"
"2023-01-14NSHBUF","NSH","BUF","3","5","2022","20:00:00","2023-01-14"
"2023-01-14NYIMTL","NYI","MTL","2","1","2022","19:00:00","2023-01-14"
"2023-01-14STLTBL","STL","TBL","2","4","2022","20:00:00","2023-01-14"
"2023-01-14VGKEDM","VGK","EDM","3","4","2022","22:00:00","2023-01-14"
"2023-01-14WSHPHI","WSH","PHI","1","3","2022","19:00:00","2023-01-14"
"2023-01-15CARVAN","CAR","VAN","3","4","2022","17:00:00","2023-01-15"
"2023-01-15NYRMTL","NYR","MTL","1","2","2022","17:00:00","2023-01-15"
"2023-01-15WPGARI","WPG","ARI","2","1","2022","19:00:00","2023-01-15"
"2023-01-16BOSPHI","BOS","PHI","6","0","2022","13:00:00","2023-01-16"
"2023-01-16BUFFLA","BUF","FLA","1","4","2022","13:00:00","2023-01-16"
"2023-01-16CBJNYR","CBJ","NYR","1","3","2022","19:00:00","2023-01-16"
"2023-01-16COLDET","COL","DET","6","3","2022","15:00:00","2023-01-16"
"2023-01-16NSHCGY","NSH","CGY","2","1","2022","20:00:00","2023-01-16"
"2023-01-16NYIWSH","NYI","WSH","3","4","2022","19:30:00","2023-01-16"
"2023-01-16PITANA","PIT","ANA","4","3","2022","19:00:00","2023-01-16"
"2023-01-16SEATBL","SEA","TBL","1","4","2022","16:00:00","2023-01-16"
"2023-01-16SJSNJD","SJS","NJD","3","4","2022","16:00:00","2023-01-16"
"2023-01-16STLOTT","STL","OTT","2","1","2022","20:00:00","2023-01-16"
"2023-01-16VGKDAL","VGK","DAL","0","4","2022","18:00:00","2023-01-16"
"2023-01-17ARIDET","ARI","DET","4","3","2022","21:00:00","2023-01-17"
"2023-01-17CHIBUF","CHI","BUF","4","3","2022","20:30:00","2023-01-17"
"2023-01-17EDMSEA","EDM","SEA","5","2","2022","21:00:00","2023-01-17"
"2023-01-17MTLWPG","MTL","WPG","4","1","2022","19:00:00","2023-01-17"
"2023-01-17NSHCBJ","NSH","CBJ","2","1","2022","20:00:00","2023-01-17"
"2023-01-17PHIANA","PHI","ANA","5","2","2022","19:00:00","2023-01-17"
"2023-01-17TORFLA","TOR","FLA","5","4","2022","19:00:00","2023-01-17"
"2023-01-17WSHMIN","WSH","MIN","2","4","2022","19:00:00","2023-01-17"
"2023-01-18CGYCOL","CGY","COL","1","4","2022","21:30:00","2023-01-18"
"2023-01-18NYIBOS","NYI","BOS","1","4","2022","19:30:00","2023-01-18"
"2023-01-18OTTPIT","OTT","PIT","5","4","2022","19:00:00","2023-01-18"
"2023-01-18SJSDAL","SJS","DAL","5","3","2022","22:00:00","2023-01-18"
"2023-01-18VANTBL","VAN","TBL","2","5","2022","22:00:00","2023-01-18"
"2023-01-19ARIWSH","ARI","WSH","0","4","2022","21:00:00","2023-01-19"
"2023-01-19BUFNYI","BUF","NYI","3","2","2022","19:30:00","2023-01-19"
"2023-01-19CARMIN","CAR","MIN","5","2","2022","19:00:00","2023-01-19"
"2023-01-19CBJANA","CBJ","ANA","3","5","2022","19:00:00","2023-01-19"
"2023-01-19EDMTBL","EDM","TBL","5","3","2022","21:00:00","2023-01-19"
"2023-01-19LAKDAL","LAK","DAL","0","4","2022","22:30:00","2023-01-19"
"2023-01-19MTLFLA","MTL","FLA","2","6","2022","19:00:00","2023-01-19"
"2023-01-19NYRBOS","NYR","BOS","1","3","2022","19:00:00","2023-01-19"
"2023-01-19PHICHI","PHI","CHI","1","4","2022","19:00:00","2023-01-19"
"2023-01-19SEANJD","SEA","NJD","4","3","2022","22:00:00","2023-01-19"
"2023-01-19STLNSH","STL","NSH","5","2","2022","20:00:00","2023-01-19"
"2023-01-19TORWPG","TOR","WPG","4","1","2022","19:00:00","2023-01-19"
"2023-01-19VGKDET","VGK","DET","2","3","2022","22:00:00","2023-01-19"
"2023-01-20PITOTT","PIT","OTT","4","1","2022","19:00:00","2023-01-20"
"2023-01-20VANCOL","VAN","COL","1","4","2022","22:00:00","2023-01-20"
"2023-01-21BUFANA","BUF","ANA","6","3","2022","12:30:00","2023-01-21"
"2023-01-21CBJSJS","CBJ","SJS","5","3","2022","19:00:00","2023-01-21"
"2023-01-21CGYTBL","CGY","TBL","6","3","2022","15:00:00","2023-01-21"
"2023-01-21DALARI","DAL","ARI","4","0","2022","20:00:00","2023-01-21"
"2023-01-21DETPHI","DET","PHI","1","2","2022","19:00:00","2023-01-21"
"2023-01-21FLAMIN","FLA","MIN","5","3","2022","18:00:00","2023-01-21"
"2023-01-21MTLTOR","MTL","TOR","3","2","2022","19:00:00","2023-01-21"
"2023-01-21NSHLAK","NSH","LAK","5","3","2022","20:00:00","2023-01-21"
"2023-01-21NYICAR","NYI","CAR","2","5","2022","19:30:00","2023-01-21"
"2023-01-21OTTWPG","OTT","WPG","1","5","2022","19:00:00","2023-01-21"
"2023-01-21SEACOL","SEA","COL","1","2","2022","22:00:00","2023-01-21"
"2023-01-21STLCHI","STL","CHI","3","5","2022","20:00:00","2023-01-21"
"2023-01-21VANEDM","VAN","EDM","2","4","2022","22:00:00","2023-01-21"
"2023-01-21VGKWSH","VGK","WSH","6","2","2022","22:00:00","2023-01-21"
"2023-01-22ARIVGK","ARI","VGK","4","1","2022","20:00:00","2023-01-22"
"2023-01-22BOSSJS","BOS","SJS","4","0","2022","19:00:00","2023-01-22"
"2023-01-22CHILAK","CHI","LAK","1","2","2022","19:00:00","2023-01-22"
"2023-01-22NJDPIT","NJD","PIT","2","1","2022","14:00:00","2023-01-22"
"2023-01-22PHIWPG","PHI","WPG","3","5","2022","19:00:00","2023-01-22"
"2023-01-23CGYCBJ","CGY","CBJ","4","3","2022","21:30:00","2023-01-23"
"2023-01-23DALBUF","DAL","BUF","2","3","2022","20:30:00","2023-01-23"
"2023-01-23NYRFLA","NYR","FLA","6","2","2022","19:00:00","2023-01-23"
"2023-01-23TORNYI","TOR","NYI","5","2","2022","19:00:00","2023-01-23"
"2023-01-24ARIANA","ARI","ANA","2","5","2022","21:00:00","2023-01-24"
"2023-01-24COLWSH","COL","WSH","3","2","2022","21:00:00","2023-01-24"
"2023-01-24DETSJS","DET","SJS","3","2","2022","19:00:00","2023-01-24"
"2023-01-24MTLBOS","MTL","BOS","2","4","2022","19:00:00","2023-01-24"
"2023-01-24NJDVGK","NJD","VGK","3","2","2022","19:30:00","2023-01-24"
"2023-01-24NSHWPG","NSH","WPG","2","1","2022","20:00:00","2023-01-24"
"2023-01-24PHILAK","PHI","LAK","3","4","2022","19:00:00","2023-01-24"
"2023-01-24PITFLA","PIT","FLA","7","6","2022","19:00:00","2023-01-24"
"2023-01-24STLBUF","STL","BUF","3","5","2022","20:00:00","2023-01-24"
"2023-01-24TBLMIN","TBL","MIN","4","2","2022","19:00:00","2023-01-24"
"2023-01-24VANCHI","VAN","CHI","5","2","2022","22:00:00","2023-01-24"
"2023-01-25DALCAR","DAL","CAR","2","3","2022","20:30:00","2023-01-25"
"2023-01-25EDMCBJ","EDM","CBJ","2","3","2022","21:30:00","2023-01-25"
"2023-01-25OTTNYI","OTT","NYI","2","1","2022","19:00:00","2023-01-25"
"2023-01-25SEAVAN","SEA","VAN","6","1","2022","22:00:00","2023-01-25"
"2023-01-25TORNYR","TOR","NYR","3","2","2022","19:00:00","2023-01-25"
"2023-01-26ARISTL","ARI","STL","5","0","2022","21:00:00","2023-01-26"
"2023-01-26CGYCHI","CGY","CHI","1","5","2022","21:00:00","2023-01-26"
"2023-01-26COLANA","COL","ANA","3","5","2022","21:00:00","2023-01-26"
"2023-01-26MINPHI","MIN","PHI","3","2","2022","20:00:00","2023-01-26"
"2023-01-26MTLDET","MTL","DET","3","4","2022","19:00:00","2023-01-26"
"2023-01-26NSHNJD","NSH","NJD","6","4","2022","20:00:00","2023-01-26"
"2023-01-26TBLBOS","TBL","BOS","3","2","2022","19:00:00","2023-01-26"
"2023-01-26WPGBUF","WPG","BUF","2","3","2022","20:00:00","2023-01-26"
"2023-01-26WSHPIT","WSH","PIT","3","2","2022","19:00:00","2023-01-26"
"2023-01-27CARSJS","CAR","SJS","5","4","2022","19:00:00","2023-01-27"
"2023-01-27DALNJD","DAL","NJD","2","3","2022","20:30:00","2023-01-27"
"2023-01-27FLALAK","FLA","LAK","3","4","2022","19:00:00","2023-01-27"
"2023-01-27NYIDET","NYI","DET","2","0","2022","19:00:00","2023-01-27"
"2023-01-27NYRVGK","NYR","VGK","4","1","2022","19:00:00","2023-01-27"
"2023-01-27SEACGY","SEA","CGY","2","5","2022","22:00:00","2023-01-27"
"2023-01-27TOROTT","TOR","OTT","2","6","2022","19:00:00","2023-01-27"
"2023-01-27VANCBJ","VAN","CBJ","5","2","2022","22:00:00","2023-01-27"
"2023-01-28ANAARI","ANA","ARI","2","1","2022","22:30:00","2023-01-28"
"2023-01-28COLSTL","COL","STL","4","2","2022","15:00:00","2023-01-28"
"2023-01-28EDMCHI","EDM","CHI","7","3","2022","22:00:00","2023-01-28"
"2023-01-28FLABOS","FLA","BOS","4","3","2022","18:00:00","2023-01-28"
"2023-01-28MINBUF","MIN","BUF","3","2","2022","21:00:00","2023-01-28"
"2023-01-28NYIVGK","NYI","VGK","2","1","2022","19:30:00","2023-01-28"
"2023-01-28OTTMTL","OTT","MTL","5","0","2022","19:00:00","2023-01-28"
"2023-01-28PITSJS","PIT","SJS","4","6","2022","19:00:00","2023-01-28"
"2023-01-28SEACBJ","SEA","CBJ","3","1","2022","22:00:00","2023-01-28"
"2023-01-28TBLLAK","TBL","LAK","5","2","2022","19:00:00","2023-01-28"
"2023-01-28WPGPHI","WPG","PHI","0","4","2022","19:00:00","2023-01-28"
"2023-01-29CARBOS","CAR","BOS","4","1","2022","17:00:00","2023-01-29"
"2023-01-29TORWSH","TOR","WSH","5","1","2022","17:00:00","2023-01-29"
"2023-01-30WPGSTL","WPG","STL","4","2","2022","20:00:00","2023-01-30"
"2023-01-31CARLAK","CAR","LAK","5","4","2022","19:00:00","2023-01-31"
"2023-01-31CBJWSH","CBJ","WSH","3","4","2022","19:00:00","2023-01-31"
"2023-01-31MTLOTT","MTL","OTT","4","5","2022","19:00:00","2023-01-31"
"2023-02-01BUFCAR","BUF","CAR","1","5","2022","19:30:00","2023-02-01"
"2023-02-01TORBOS","TOR","BOS","2","5","2022","19:30:00","2023-02-01"
"2023-02-06ARIMIN","ARI","MIN","3","2","2022","21:00:00","2023-02-06"
"2023-02-06DALANA","DAL","ANA","3","2","2022","20:30:00","2023-02-06"
"2023-02-06FLATBL","FLA","TBL","7","1","2022","19:00:00","2023-02-06"
"2023-02-06NJDVAN","NJD","VAN","5","4","2022","19:30:00","2023-02-06"
"2023-02-06NYRCGY","NYR","CGY","5","4","2022","19:30:00","2023-02-06"
"2023-02-06PHINYI","PHI","NYI","1","2","2022","19:00:00","2023-02-06"
"2023-02-07CHIANA","CHI","ANA","2","3","2022","20:30:00","2023-02-07"
"2023-02-07DETEDM","DET","EDM","2","5","2022","19:30:00","2023-02-07"
"2023-02-07NSHVGK","NSH","VGK","1","5","2022","20:00:00","2023-02-07"
"2023-02-07NYISEA","NYI","SEA","4","0","2022","19:30:00","2023-02-07"
"2023-02-07PITCOL","PIT","COL","2","1","2022","19:00:00","2023-02-07"
"2023-02-07TBLSJS","TBL","SJS","3","4","2022","19:00:00","2023-02-07"
"2023-02-08DALMIN","DAL","MIN","4","1","2022","20:30:00","2023-02-08"
"2023-02-08NYRVAN","NYR","VAN","4","3","2022","20:00:00","2023-02-08"
"2023-02-09DETCGY","DET","CGY","2","1","2022","19:00:00","2023-02-09"
"2023-02-09FLASJS","FLA","SJS","4","1","2022","19:00:00","2023-02-09"
"2023-02-09MINVGK","MIN","VGK","1","5","2022","20:00:00","2023-02-09"
"2023-02-09NJDSEA","NJD","SEA","3","1","2022","19:00:00","2023-02-09"
"2023-02-09NYIVAN","NYI","VAN","5","6","2022","19:30:00","2023-02-09"
"2023-02-09PHIEDM","PHI","EDM","2","1","2022","19:00:00","2023-02-09"
"2023-02-09TBLCOL","TBL","COL","5","0","2022","19:00:00","2023-02-09"
"2023-02-10ANAPIT","ANA","PIT","3","6","2022","22:00:00","2023-02-10"
"2023-02-10CBJTOR","CBJ","TOR","0","3","2022","19:00:00","2023-02-10"
"2023-02-10CHIARI","CHI","ARI","4","3","2022","20:30:00","2023-02-10"
"2023-02-10NYRSEA","NYR","SEA","6","3","2022","19:00:00","2023-02-10"
"2023-02-11BOSWSH","BOS","WSH","1","2","2022","15:30:00","2023-02-11"
"2023-02-11BUFCGY","BUF","CGY","2","7","2022","12:30:00","2023-02-11"
"2023-02-11CARNYR","CAR","NYR","2","6","2022","19:00:00","2023-02-11"
"2023-02-11DALTBL","DAL","TBL","1","3","2022","13:00:00","2023-02-11"
"2023-02-11DETVAN","DET","VAN","5","2","2022","12:00:00","2023-02-11"
"2023-02-11FLACOL","FLA","COL","3","5","2022","18:00:00","2023-02-11"
"2023-02-11LAKPIT","LAK","PIT","6","0","2022","22:30:00","2023-02-11"
"2023-02-11MINNJD","MIN","NJD","3","2","2022","20:00:00","2023-02-11"
"2023-02-11MTLNYI","MTL","NYI","4","3","2022","12:30:00","2023-02-11"
"2023-02-11OTTEDM","OTT","EDM","3","6","2022","12:30:00","2023-02-11"
"2023-02-11PHINSH","PHI","NSH","1","2","2022","12:30:00","2023-02-11"
"2023-02-11STLARI","STL","ARI","6","5","2022","20:00:00","2023-02-11"
"2023-02-11TORCBJ","TOR","CBJ","3","4","2022","19:00:00","2023-02-11"
"2023-02-11WPGCHI","WPG","CHI","4","1","2022","22:00:00","2023-02-11"
"2023-02-12MTLEDM","MTL","EDM","6","2","2022","12:30:00","2023-02-12"
"2023-02-12PHISEA","PHI","SEA","3","4","2022","13:00:00","2023-02-12"
"2023-02-12VGKANA","VGK","ANA","7","2","2022","15:00:00","2023-02-12"
"2023-02-12WSHSJS","WSH","SJS","1","4","2022","13:30:00","2023-02-12"
"2023-02-13LAKBUF","LAK","BUF","5","2","2022","22:30:00","2023-02-13"
"2023-02-13MINFLA","MIN","FLA","1","2","2022","20:00:00","2023-02-13"
"2023-02-13NSHARI","NSH","ARI","2","4","2022","20:00:00","2023-02-13"
"2023-02-13OTTCGY","OTT","CGY","4","3","2022","19:30:00","2023-02-13"
"2023-02-13VANDET","VAN","DET","1","6","2022","22:00:00","2023-02-13"
"2023-02-14CBJNJD","CBJ","NJD","2","3","2022","19:30:00","2023-02-14"
"2023-02-14COLTBL","COL","TBL","3","4","2022","21:00:00","2023-02-14"
"2023-02-14DALBOS","DAL","BOS","2","3","2022","20:30:00","2023-02-14"
"2023-02-14MTLCHI","MTL","CHI","4","0","2022","19:00:00","2023-02-14"
"2023-02-14NYIOTT","NYI","OTT","2","3","2022","19:30:00","2023-02-14"
"2023-02-14SJSPIT","SJS","PIT","1","3","2022","22:30:00","2023-02-14"
"2023-02-14STLFLA","STL","FLA","6","2","2022","20:00:00","2023-02-14"
"2023-02-14WPGSEA","WPG","SEA","3","2","2022","20:00:00","2023-02-14"
"2023-02-14WSHCAR","WSH","CAR","2","3","2022","19:00:00","2023-02-14"
"2023-02-15ANABUF","ANA","BUF","3","7","2022","22:00:00","2023-02-15"
"2023-02-15ARITBL","ARI","TBL","1","0","2022","21:00:00","2023-02-15"
"2023-02-15EDMDET","EDM","DET","4","5","2022","21:30:00","2023-02-15"
"2023-02-15MINCOL","MIN","COL","2","3","2022","21:30:00","2023-02-15"
"2023-02-15TORCHI","TOR","CHI","5","2","2022","19:00:00","2023-02-15"
"2023-02-15VANNYR","VAN","NYR","4","6","2022","22:00:00","2023-02-15"
"2023-02-16CARMTL","CAR","MTL","6","2","2022","19:00:00","2023-02-16"
"2023-02-16CBJWPG","CBJ","WPG","3","1","2022","19:00:00","2023-02-16"
"2023-02-16CGYDET","CGY","DET","2","5","2022","21:00:00","2023-02-16"
"2023-02-16NSHBOS","NSH","BOS","0","5","2022","20:00:00","2023-02-16"
"2023-02-16SEAPHI","SEA","PHI","6","2","2022","22:00:00","2023-02-16"
"2023-02-16STLNJD","STL","NJD","4","2","2022","21:00:00","2023-02-16"
"2023-02-16VGKSJS","VGK","SJS","2","1","2022","22:00:00","2023-02-16"
"2023-02-16WSHFLA","WSH","FLA","3","6","2022","19:00:00","2023-02-16"
"2023-02-17ANALAK","ANA","LAK","3","6","2022","21:00:00","2023-02-17"
"2023-02-17EDMNYR","EDM","NYR","4","5","2022","21:00:00","2023-02-17"
"2023-02-17MINDAL","MIN","DAL","2","1","2022","20:00:00","2023-02-17"
"2023-02-17NYIPIT","NYI","PIT","5","4","2022","19:00:00","2023-02-17"
"2023-02-17OTTCHI","OTT","CHI","3","4","2022","19:00:00","2023-02-17"
"2023-02-18BOSNYI","BOS","NYI","6","2","2022","17:00:00","2023-02-18"
"2023-02-18CARWSH","CAR","WSH","4","1","2022","20:00:00","2023-02-18"
"2023-02-18CGYNYR","CGY","NYR","3","2","2022","22:00:00","2023-02-18"
"2023-02-18DALCBJ","DAL","CBJ","1","4","2022","18:00:00","2023-02-18"
"2023-02-18LAKARI","LAK","ARI","6","5","2022","22:30:00","2023-02-18"
"2023-02-18NSHFLA","NSH","FLA","7","3","2022","14:00:00","2023-02-18"
"2023-02-18PITNJD","PIT","NJD","2","5","2022","17:30:00","2023-02-18"
"2023-02-18SEADET","SEA","DET","4","2","2022","22:30:00","2023-02-18"
"2023-02-18SJSBUF","SJS","BUF","2","4","2022","22:30:00","2023-02-18"
"2023-02-18STLCOL","STL","COL","1","4","2022","14:00:00","2023-02-18"
"2023-02-18TORMTL","TOR","MTL","5","1","2022","19:00:00","2023-02-18"
"2023-02-18VANPHI","VAN","PHI","6","2","2022","22:00:00","2023-02-18"
"2023-02-18VGKTBL","VGK","TBL","5","4","2022","22:30:00","2023-02-18"
"2023-02-19ARICBJ","ARI","CBJ","3","2","2022","20:30:00","2023-02-19"
"2023-02-19CHITOR","CHI","TOR","5","3","2022","18:00:00","2023-02-19"
"2023-02-19COLEDM","COL","EDM","6","5","2022","15:00:00","2023-02-19"
"2023-02-19MINNSH","MIN","NSH","4","3","2022","14:00:00","2023-02-19"
"2023-02-19NJDWPG","NJD","WPG","4","2","2022","19:00:00","2023-02-19"
"2023-02-19OTTSTL","OTT","STL","7","2","2022","14:00:00","2023-02-19"
"2023-02-20BOSOTT","BOS","OTT","3","1","2022","13:00:00","2023-02-20"
"2023-02-20CGYPHI","CGY","PHI","3","4","2022","16:00:00","2023-02-20"
"2023-02-20FLAANA","FLA","ANA","4","3","2022","13:00:00","2023-02-20"
"2023-02-20NYRWPG","NYR","WPG","1","4","2022","19:00:00","2023-02-20"
"2023-02-20PITNYI","PIT","NYI","2","4","2022","19:00:00","2023-02-20"
"2023-02-20SJSSEA","SJS","SEA","4","0","2022","16:00:00","2023-02-20"
"2023-02-21BUFTOR","BUF","TOR","3","6","2022","19:30:00","2023-02-21"
"2023-02-21CARSTL","CAR","STL","4","1","2022","19:00:00","2023-02-21"
"2023-02-21CHIVGK","CHI","VGK","3","2","2022","20:30:00","2023-02-21"
"2023-02-21EDMPHI","EDM","PHI","4","2","2022","21:00:00","2023-02-21"
"2023-02-21MINLAK","MIN","LAK","2","1","2022","20:00:00","2023-02-21"
"2023-02-21NJDMTL","NJD","MTL","2","5","2022","19:00:00","2023-02-21"
"2023-02-21NSHVAN","NSH","VAN","5","4","2022","20:00:00","2023-02-21"
"2023-02-21TBLANA","TBL","ANA","6","1","2022","19:00:00","2023-02-21"
"2023-02-21WSHDET","WSH","DET","1","3","2022","19:00:00","2023-02-21"
"2023-02-22ARICGY","ARI","CGY","3","6","2022","21:30:00","2023-02-22"
"2023-02-22DALCHI","DAL","CHI","3","4","2022","21:30:00","2023-02-22"
"2023-02-22NYIWPG","NYI","WPG","2","1","2022","19:00:00","2023-02-22"
"2023-02-23CBJMIN","CBJ","MIN","0","2","2022","19:00:00","2023-02-23"
"2023-02-23DETNYR","DET","NYR","4","1","2022","19:00:00","2023-02-23"
"2023-02-23NJDLAK","NJD","LAK","4","3","2022","19:00:00","2023-02-23"
"2023-02-23PITEDM","PIT","EDM","2","7","2022","19:00:00","2023-02-23"
"2023-02-23SEABOS","SEA","BOS","5","6","2022","22:00:00","2023-02-23"
"2023-02-23SJSNSH","SJS","NSH","2","6","2022","22:30:00","2023-02-23"
"2023-02-23STLVAN","STL","VAN","2","3","2022","20:00:00","2023-02-23"
"2023-02-23TBLBUF","TBL","BUF","5","6","2022","19:00:00","2023-02-23"
"2023-02-23VGKCGY","VGK","CGY","4","3","2022","21:00:00","2023-02-23"
"2023-02-23WSHANA","WSH","ANA","2","4","2022","19:00:00","2023-02-23"
"2023-02-24CAROTT","CAR","OTT","4","0","2022","19:00:00","2023-02-24"
"2023-02-24FLABUF","FLA","BUF","1","3","2022","19:00:00","2023-02-24"
"2023-02-24NYILAK","NYI","LAK","2","3","2022","19:30:00","2023-02-24"
"2023-02-24PHIMTL","PHI","MTL","2","5","2022","19:00:00","2023-02-24"
"2023-02-24TORMIN","TOR","MIN","2","1","2022","19:00:00","2023-02-24"
"2023-02-24WPGCOL","WPG","COL","1","5","2022","20:00:00","2023-02-24"
"2023-02-25CARANA","CAR","ANA","2","3","2022","19:00:00","2023-02-25"
"2023-02-25CBJEDM","CBJ","EDM","6","5","2022","12:30:00","2023-02-25"
"2023-02-25COLCGY","COL","CGY","4","1","2022","22:00:00","2023-02-25"
"2023-02-25DETTBL","DET","TBL","0","3","2022","20:00:00","2023-02-25"
"2023-02-25MTLOTT","MTL","OTT","2","5","2022","19:00:00","2023-02-25"
"2023-02-25NJDPHI","NJD","PHI","7","0","2022","19:00:00","2023-02-25"
"2023-02-25SJSCHI","SJS","CHI","3","4","2022","22:00:00","2023-02-25"
"2023-02-25STLPIT","STL","PIT","2","3","2022","15:30:00","2023-02-25"
"2023-02-25VANBOS","VAN","BOS","1","3","2022","19:00:00","2023-02-25"
"2023-02-25VGKDAL","VGK","DAL","2","3","2022","22:00:00","2023-02-25"
"2023-02-25WSHNYR","WSH","NYR","6","3","2022","13:00:00","2023-02-25"
"2023-02-26ARINSH","ARI","NSH","2","6","2022","19:00:00","2023-02-26"
"2023-02-26BUFWSH","BUF","WSH","7","4","2022","13:00:00","2023-02-26"
"2023-02-26MINCBJ","MIN","CBJ","3","2","2022","14:00:00","2023-02-26"
"2023-02-26NYRLAK","NYR","LAK","5","2","2022","17:00:00","2023-02-26"
"2023-02-26PITTBL","PIT","TBL","7","3","2022","18:00:00","2023-02-26"
"2023-02-26SEATOR","SEA","TOR","1","5","2022","19:00:00","2023-02-26"
"2023-02-26WPGNYI","WPG","NYI","0","4","2022","15:30:00","2023-02-26"
"2023-02-27ANACHI","ANA","CHI","4","2","2022","22:00:00","2023-02-27"
"2023-02-27COLVGK","COL","VGK","3","0","2022","21:00:00","2023-02-27"
"2023-02-27DALVAN","DAL","VAN","4","5","2022","20:30:00","2023-02-27"
"2023-02-27EDMBOS","EDM","BOS","2","3","2022","20:30:00","2023-02-27"
"2023-02-27OTTDET","OTT","DET","6","2","2022","19:00:00","2023-02-27"
"2023-02-28ARICHI","ARI","CHI","4","1","2022","21:00:00","2023-02-28"
"2023-02-28BUFCBJ","BUF","CBJ","3","5","2022","19:30:00","2023-02-28"
"2023-02-28CGYBOS","CGY","BOS","3","4","2022","21:00:00","2023-02-28"
"2023-02-28MINNYI","MIN","NYI","2","1","2022","20:00:00","2023-02-28"
"2023-02-28NSHPIT","NSH","PIT","1","3","2022","20:00:00","2023-02-28"
"2023-02-28OTTDET","OTT","DET","6","1","2022","19:00:00","2023-02-28"
"2023-02-28SJSMTL","SJS","MTL","1","3","2022","22:30:00","2023-02-28"
"2023-02-28STLSEA","STL","SEA","3","5","2022","20:00:00","2023-02-28"
"2023-02-28TBLFLA","TBL","FLA","1","4","2022","19:00:00","2023-02-28"
"2023-02-28WPGLAK","WPG","LAK","5","6","2022","20:00:00","2023-02-28"
"2023-03-01ANAWSH","ANA","WSH","2","3","2022","22:00:00","2023-03-01"
"2023-03-01COLNJD","COL","NJD","5","7","2022","21:00:00","2023-03-01"
"2023-03-01DALARI","DAL","ARI","4","2","2022","20:30:00","2023-03-01"
"2023-03-01EDMTOR","EDM","TOR","5","2","2022","20:00:00","2023-03-01"
"2023-03-01PHINYR","PHI","NYR","2","3","2022","19:30:00","2023-03-01"
"2023-03-01VGKCAR","VGK","CAR","3","2","2022","22:00:00","2023-03-01"
"2023-03-02BOSBUF","BOS","BUF","7","1","2022","19:00:00","2023-03-02"
"2023-03-02CGYTOR","CGY","TOR","1","2","2022","21:00:00","2023-03-02"
"2023-03-02CHIDAL","CHI","DAL","2","5","2022","20:30:00","2023-03-02"
"2023-03-02DETSEA","DET","SEA","4","5","2022","19:00:00","2023-03-02"
"2023-03-02FLANSH","FLA","NSH","1","2","2022","19:00:00","2023-03-02"
"2023-03-02LAKMTL","LAK","MTL","3","2","2022","22:30:00","2023-03-02"
"2023-03-02NYROTT","NYR","OTT","3","5","2022","19:00:00","2023-03-02"
"2023-03-02SJSSTL","SJS","STL","3","6","2022","22:30:00","2023-03-02"
"2023-03-02TBLPIT","TBL","PIT","4","5","2022","19:00:00","2023-03-02"
"2023-03-02VANMIN","VAN","MIN","1","2","2022","22:00:00","2023-03-02"
"2023-03-03ANAMTL","ANA","MTL","3","2","2022","22:00:00","2023-03-03"
"2023-03-03ARICAR","ARI","CAR","1","6","2022","21:30:00","2023-03-03"
"2023-03-03CBJSEA","CBJ","SEA","2","4","2022","19:00:00","2023-03-03"
"2023-03-03EDMWPG","EDM","WPG","6","3","2022","21:00:00","2023-03-03"
"2023-03-03VGKNJD","VGK","NJD","4","3","2022","22:00:00","2023-03-03"
"2023-03-04BOSNYR","BOS","NYR","4","2","2022","13:00:00","2023-03-04"
"2023-03-04BUFTBL","BUF","TBL","5","3","2022","12:30:00","2023-03-04"
"2023-03-04CGYMIN","CGY","MIN","0","3","2022","22:00:00","2023-03-04"
"2023-03-04CHINSH","CHI","NSH","1","3","2022","20:00:00","2023-03-04"
"2023-03-04DALCOL","DAL","COL","7","3","2022","15:30:00","2023-03-04"
"2023-03-04FLAPIT","FLA","PIT","4","1","2022","18:00:00","2023-03-04"
"2023-03-04LAKSTL","LAK","STL","4","2","2022","22:30:00","2023-03-04"
"2023-03-04NYIDET","NYI","DET","4","1","2022","12:30:00","2023-03-04"
"2023-03-04OTTCBJ","OTT","CBJ","5","2","2022","19:00:00","2023-03-04"
"2023-03-04SJSWSH","SJS","WSH","3","8","2022","18:00:00","2023-03-04"
"2023-03-04VANTOR","VAN","TOR","4","1","2022","19:00:00","2023-03-04"
"2023-03-04WPGEDM","WPG","EDM","7","5","2022","19:00:00","2023-03-04"
"2023-03-05ARINJD","ARI","NJD","4","5","2022","19:00:00","2023-03-05"
"2023-03-05CARTBL","CAR","TBL","6","0","2022","15:00:00","2023-03-05"
"2023-03-05COLSEA","COL","SEA","2","3","2022","21:00:00","2023-03-05"
"2023-03-05PHIDET","PHI","DET","3","1","2022","18:00:00","2023-03-05"
"2023-03-05VGKMTL","VGK","MTL","4","3","2022","18:00:00","2023-03-05"
"2023-03-06BUFEDM","BUF","EDM","2","3","2022","19:30:00","2023-03-06"
"2023-03-06CHIOTT","CHI","OTT","5","0","2022","21:00:00","2023-03-06"
"2023-03-06DALCGY","DAL","CGY","4","5","2022","20:30:00","2023-03-06"
"2023-03-06LAKWSH","LAK","WSH","4","2","2022","22:30:00","2023-03-06"
"2023-03-06VANNSH","VAN","NSH","4","3","2022","22:30:00","2023-03-06"
"2023-03-06WPGSJS","WPG","SJS","2","3","2022","19:30:00","2023-03-06"
"2023-03-07ARISTL","ARI","STL","6","2","2022","21:00:00","2023-03-07"
"2023-03-07COLSJS","COL","SJS","6","0","2022","21:00:00","2023-03-07"
"2023-03-07FLAVGK","FLA","VGK","2","1","2022","19:00:00","2023-03-07"
"2023-03-07MINCGY","MIN","CGY","0","1","2022","20:00:00","2023-03-07"
"2023-03-07MTLCAR","MTL","CAR","3","4","2022","19:00:00","2023-03-07"
"2023-03-07NJDTOR","NJD","TOR","3","4","2022","19:00:00","2023-03-07"
"2023-03-07NYIBUF","NYI","BUF","3","2","2022","19:30:00","2023-03-07"
"2023-03-07PITCBJ","PIT","CBJ","5","4","2022","19:00:00","2023-03-07"
"2023-03-07SEAANA","SEA","ANA","5","2","2022","22:00:00","2023-03-07"
"2023-03-07TBLPHI","TBL","PHI","5","2","2022","19:00:00","2023-03-07"
"2023-03-08DETCHI","DET","CHI","4","3","2022","19:30:00","2023-03-08"
"2023-03-08VANANA","VAN","ANA","3","2","2022","22:00:00","2023-03-08"
"2023-03-08WPGMIN","WPG","MIN","2","4","2022","19:30:00","2023-03-08"
"2023-03-09ARINSH","ARI","NSH","4","1","2022","21:00:00","2023-03-09"
"2023-03-09BOSEDM","BOS","EDM","2","3","2022","19:30:00","2023-03-09"
"2023-03-09BUFDAL","BUF","DAL","4","10","2022","19:05:00","2023-03-09"
"2023-03-09CARPHI","CAR","PHI","1","0","2022","19:05:00","2023-03-09"
"2023-03-09COLLAK","COL","LAK","2","5","2022","21:00:00","2023-03-09"
"2023-03-09MTLNYR","MTL","NYR","3","4","2022","19:00:00","2023-03-09"
"2023-03-09PITNYI","PIT","NYI","3","4","2022","19:05:00","2023-03-09"
"2023-03-09SEAOTT","SEA","OTT","4","5","2022","22:00:00","2023-03-09"
"2023-03-09STLSJS","STL","SJS","4","2","2022","20:00:00","2023-03-09"
"2023-03-09TBLVGK","TBL","VGK","3","4","2022","19:00:00","2023-03-09"
"2023-03-09WSHNJD","WSH","NJD","2","3","2022","19:00:00","2023-03-09"
"2023-03-10CGYANA","CGY","ANA","1","3","2022","21:00:00","2023-03-10"
"2023-03-10FLACHI","FLA","CHI","4","3","2022","19:00:00","2023-03-10"
"2023-03-11BOSDET","BOS","DET","3","2","2022","13:00:00","2023-03-11"
"2023-03-11BUFNYR","BUF","NYR","1","2","2022","17:00:00","2023-03-11"
"2023-03-11CARVGK","CAR","VGK","0","4","2022","19:00:00","2023-03-11"
"2023-03-11CBJSTL","CBJ","STL","2","5","2022","19:00:00","2023-03-11"
"2023-03-11COLARI","COL","ARI","3","2","2022","18:00:00","2023-03-11"
"2023-03-11FLAWPG","FLA","WPG","4","5","2022","19:00:00","2023-03-11"
"2023-03-11LAKNSH","LAK","NSH","1","2","2022","22:30:00","2023-03-11"
"2023-03-11MTLNJD","MTL","NJD","1","3","2022","19:00:00","2023-03-11"
"2023-03-11NYIWSH","NYI","WSH","1","5","2022","19:30:00","2023-03-11"
"2023-03-11PITPHI","PIT","PHI","5","1","2022","15:30:00","2023-03-11"
"2023-03-11SEADAL","SEA","DAL","3","4","2022","22:00:00","2023-03-11"
"2023-03-11SJSMIN","SJS","MIN","2","5","2022","22:30:00","2023-03-11"
"2023-03-11TBLCHI","TBL","CHI","3","1","2022","19:00:00","2023-03-11"
"2023-03-11TOREDM","TOR","EDM","7","4","2022","19:00:00","2023-03-11"
"2023-03-11VANOTT","VAN","OTT","5","2","2022","22:00:00","2023-03-11"
"2023-03-12ANANSH","ANA","NSH","4","5","2022","21:30:00","2023-03-12"
"2023-03-12ARIMIN","ARI","MIN","5","4","2022","21:30:00","2023-03-12"
"2023-03-12CGYOTT","CGY","OTT","5","1","2022","21:00:00","2023-03-12"
"2023-03-12DETBOS","DET","BOS","5","3","2022","13:30:00","2023-03-12"
"2023-03-12NJDCAR","NJD","CAR","3","0","2022","19:00:00","2023-03-12"
"2023-03-12PITNYR","PIT","NYR","3","2","2022","16:00:00","2023-03-12"
"2023-03-12STLVGK","STL","VGK","3","5","2022","19:00:00","2023-03-12"
"2023-03-12TBLWPG","TBL","WPG","2","3","2022","19:00:00","2023-03-12"
"2023-03-13MTLCOL","MTL","COL","4","8","2022","19:30:00","2023-03-13"
"2023-03-13SEADAL","SEA","DAL","2","5","2022","22:00:00","2023-03-13"
"2023-03-13TORBUF","TOR","BUF","3","4","2022","19:30:00","2023-03-13"
"2023-03-14ARICGY","ARI","CGY","4","3","2022","22:00:00","2023-03-14"
"2023-03-14CARWPG","CAR","WPG","5","3","2022","19:00:00","2023-03-14"
"2023-03-14CHIBOS","CHI","BOS","6","3","2022","20:30:00","2023-03-14"
"2023-03-14EDMOTT","EDM","OTT","6","3","2022","21:00:00","2023-03-14"
"2023-03-14LAKNYI","LAK","NYI","5","2","2022","22:30:00","2023-03-14"
"2023-03-14NJDTBL","NJD","TBL","1","4","2022","19:00:00","2023-03-14"
"2023-03-14NSHDET","NSH","DET","2","1","2022","20:00:00","2023-03-14"
"2023-03-14NYRWSH","NYR","WSH","5","3","2022","19:00:00","2023-03-14"
"2023-03-14PHIVGK","PHI","VGK","3","5","2022","19:00:00","2023-03-14"
"2023-03-14PITMTL","PIT","MTL","4","6","2022","19:00:00","2023-03-14"
"2023-03-14SJSCBJ","SJS","CBJ","5","6","2022","22:30:00","2023-03-14"
"2023-03-14VANDAL","VAN","DAL","5","2","2022","22:00:00","2023-03-14"
"2023-03-15ANANYI","ANA","NYI","3","6","2022","22:00:00","2023-03-15"
"2023-03-15STLMIN","STL","MIN","5","8","2022","21:30:00","2023-03-15"
"2023-03-15TORCOL","TOR","COL","1","2","2022","19:00:00","2023-03-15"
"2023-03-15WSHBUF","WSH","BUF","5","4","2022","19:00:00","2023-03-15"
"2023-03-16ARIVAN","ARI","VAN","3","2","2022","22:00:00","2023-03-16"
"2023-03-16EDMDAL","EDM","DAL","4","1","2022","21:00:00","2023-03-16"
"2023-03-16FLAMTL","FLA","MTL","9","5","2022","19:00:00","2023-03-16"
"2023-03-16LAKCBJ","LAK","CBJ","4","1","2022","22:30:00","2023-03-16"
"2023-03-16NJDTBL","NJD","TBL","3","4","2022","19:00:00","2023-03-16"
"2023-03-16NSHCHI","NSH","CHI","1","2","2022","20:00:00","2023-03-16"
"2023-03-16NYRPIT","NYR","PIT","4","2","2022","19:00:00","2023-03-16"
"2023-03-16OTTCOL","OTT","COL","4","5","2022","19:00:00","2023-03-16"
"2023-03-16SJSSEA","SJS","SEA","1","2","2022","22:30:00","2023-03-16"
"2023-03-16VGKCGY","VGK","CGY","2","7","2022","22:00:00","2023-03-16"
"2023-03-16WPGBOS","WPG","BOS","0","3","2022","20:00:00","2023-03-16"
"2023-03-17ANACBJ","ANA","CBJ","7","4","2022","22:00:00","2023-03-17"
"2023-03-17PHIBUF","PHI","BUF","5","2","2022","19:00:00","2023-03-17"
"2023-03-17TORCAR","TOR","CAR","5","2","2022","19:00:00","2023-03-17"
"2023-03-17WSHSTL","WSH","STL","2","5","2022","19:00:00","2023-03-17"
"2023-03-18ARICHI","ARI","CHI","4","2","2022","22:30:00","2023-03-18"
"2023-03-18CGYDAL","CGY","DAL","5","6","2022","22:00:00","2023-03-18"
"2023-03-18DETCOL","DET","COL","1","5","2022","13:00:00","2023-03-18"
"2023-03-18FLANJD","FLA","NJD","4","2","2022","18:00:00","2023-03-18"
"2023-03-18LAKVAN","LAK","VAN","2","3","2022","22:00:00","2023-03-18"
"2023-03-18MINBOS","MIN","BOS","2","5","2022","14:00:00","2023-03-18"
"2023-03-18NSHWPG","NSH","WPG","2","3","2022","14:00:00","2023-03-18"
"2023-03-18NYRPIT","NYR","PIT","6","0","2022","20:00:00","2023-03-18"
"2023-03-18OTTTOR","OTT","TOR","4","5","2022","19:00:00","2023-03-18"
"2023-03-18PHICAR","PHI","CAR","4","5","2022","17:00:00","2023-03-18"
"2023-03-18SEAEDM","SEA","EDM","4","6","2022","16:00:00","2023-03-18"
"2023-03-18SJSNYI","SJS","NYI","1","4","2022","22:30:00","2023-03-18"
"2023-03-18TBLMTL","TBL","MTL","5","3","2022","19:00:00","2023-03-18"
"2023-03-19ANAVAN","ANA","VAN","1","2","2022","20:00:00","2023-03-19"
"2023-03-19BUFBOS","BUF","BOS","0","7","2022","13:00:00","2023-03-19"
"2023-03-19MINWSH","MIN","WSH","5","3","2022","14:00:00","2023-03-19"
"2023-03-19NYRNSH","NYR","NSH","7","0","2022","19:00:00","2023-03-19"
"2023-03-19STLWPG","STL","WPG","3","0","2022","19:00:00","2023-03-19"
"2023-03-19TBLNJD","TBL","NJD","2","5","2022","19:00:00","2023-03-19"
"2023-03-19VGKCBJ","VGK","CBJ","7","2","2022","16:00:00","2023-03-19"
"2023-03-20COLCHI","COL","CHI","5","0","2022","21:00:00","2023-03-20"
"2023-03-20DETFLA","DET","FLA","2","5","2022","19:00:00","2023-03-20"
"2023-03-20EDMSJS","EDM","SJS","5","4","2022","21:30:00","2023-03-20"
"2023-03-20LAKCGY","LAK","CGY","8","2","2022","22:30:00","2023-03-20"
"2023-03-20PITOTT","PIT","OTT","1","2","2022","19:00:00","2023-03-20"
"2023-03-21ANACGY","ANA","CGY","1","5","2022","22:00:00","2023-03-21"
"2023-03-21BOSOTT","BOS","OTT","2","1","2022","19:00:00","2023-03-21"
"2023-03-21BUFNSH","BUF","NSH","3","7","2022","19:00:00","2023-03-21"
"2023-03-21DALSEA","DAL","SEA","4","5","2022","20:30:00","2023-03-21"
"2023-03-21MTLTBL","MTL","TBL","3","2","2022","19:00:00","2023-03-21"
"2023-03-21NJDMIN","NJD","MIN","1","2","2022","19:00:00","2023-03-21"
"2023-03-21NYITOR","NYI","TOR","7","2","2022","19:30:00","2023-03-21"
"2023-03-21NYRCAR","NYR","CAR","2","3","2022","19:00:00","2023-03-21"
"2023-03-21PHIFLA","PHI","FLA","6","3","2022","19:00:00","2023-03-21"
"2023-03-21STLDET","STL","DET","2","3","2022","20:00:00","2023-03-21"
"2023-03-21VANVGK","VAN","VGK","3","4","2022","22:00:00","2023-03-21"
"2023-03-21WPGARI","WPG","ARI","2","1","2022","20:00:00","2023-03-21"
"2023-03-21WSHCBJ","WSH","CBJ","6","7","2022","19:00:00","2023-03-21"
"2023-03-22COLPIT","COL","PIT","2","5","2022","20:00:00","2023-03-22"
"2023-03-22EDMARI","EDM","ARI","4","3","2022","22:30:00","2023-03-22"
"2023-03-23ANAWPG","ANA","WPG","2","3","2022","22:00:00","2023-03-23"
"2023-03-23BOSMTL","BOS","MTL","4","2","2022","19:00:00","2023-03-23"
"2023-03-23CARNYR","CAR","NYR","1","2","2022","19:00:00","2023-03-23"
"2023-03-23CGYVGK","CGY","VGK","2","3","2022","21:00:00","2023-03-23"
"2023-03-23DALPIT","DAL","PIT","3","2","2022","21:00:00","2023-03-23"
"2023-03-23DETSTL","DET","STL","3","4","2022","19:00:00","2023-03-23"
"2023-03-23FLATOR","FLA","TOR","2","6","2022","19:00:00","2023-03-23"
"2023-03-23NSHSEA","NSH","SEA","2","1","2022","20:00:00","2023-03-23"
"2023-03-23OTTTBL","OTT","TBL","7","2","2022","19:00:00","2023-03-23"
"2023-03-23PHIMIN","PHI","MIN","5","4","2022","18:30:00","2023-03-23"
"2023-03-23VANSJS","VAN","SJS","7","2","2022","22:00:00","2023-03-23"
"2023-03-23WSHCHI","WSH","CHI","6","1","2022","19:00:00","2023-03-23"
"2023-03-24BUFNJD","BUF","NJD","5","4","2022","19:00:00","2023-03-24"
"2023-03-24CBJNYI","CBJ","NYI","5","4","2022","19:00:00","2023-03-24"
"2023-03-24COLARI","COL","ARI","3","1","2022","21:00:00","2023-03-24"
"2023-03-25ANASTL","ANA","STL","3","6","2022","22:30:00","2023-03-25"
"2023-03-25BOSTBL","BOS","TBL","2","1","2022","13:00:00","2023-03-25"
"2023-03-25CARTOR","CAR","TOR","5","3","2022","19:00:00","2023-03-25"
"2023-03-25CGYSJS","CGY","SJS","5","3","2022","16:00:00","2023-03-25"
"2023-03-25DALVAN","DAL","VAN","1","3","2022","19:00:00","2023-03-25"
"2023-03-25EDMVGK","EDM","VGK","3","4","2022","22:00:00","2023-03-25"
"2023-03-25FLANYR","FLA","NYR","3","4","2022","17:00:00","2023-03-25"
"2023-03-25LAKWPG","LAK","WPG","4","1","2022","16:00:00","2023-03-25"
"2023-03-25MINCHI","MIN","CHI","3","1","2022","17:05:00","2023-03-25"
"2023-03-25MTLCBJ","MTL","CBJ","8","2","2022","19:00:00","2023-03-25"
"2023-03-25NJDOTT","NJD","OTT","5","3","2022","19:00:00","2023-03-25"
"2023-03-25NSHSEA","NSH","SEA","2","7","2022","14:05:00","2023-03-25"
"2023-03-25NYIBUF","NYI","BUF","0","2","2022","17:05:00","2023-03-25"
"2023-03-25PHIDET","PHI","DET","3","0","2022","13:00:00","2023-03-25"
"2023-03-25PITWSH","PIT","WSH","4","3","2022","20:00:00","2023-03-25"
"2023-03-26ARICOL","ARI","COL","3","4","2022","15:00:00","2023-03-26"
"2023-03-26CARBOS","CAR","BOS","3","4","2022","17:00:00","2023-03-26"
"2023-03-26CHIVAN","CHI","VAN","2","4","2022","18:00:00","2023-03-26"
"2023-03-26LAKSTL","LAK","STL","7","6","2022","22:30:00","2023-03-26"
"2023-03-26NSHTOR","NSH","TOR","2","3","2022","18:00:00","2023-03-26"
"2023-03-27ANACOL","ANA","COL","1","5","2022","22:00:00","2023-03-27"
"2023-03-27ARIEDM","ARI","EDM","4","5","2022","22:00:00","2023-03-27"
"2023-03-27BUFMTL","BUF","MTL","3","4","2022","19:00:00","2023-03-27"
"2023-03-27MINSEA","MIN","SEA","5","1","2022","20:00:00","2023-03-27"
"2023-03-27NYINJD","NYI","NJD","5","1","2022","19:30:00","2023-03-27"
"2023-03-27OTTFLA","OTT","FLA","5","2","2022","19:00:00","2023-03-27"
"2023-03-28BOSNSH","BOS","NSH","1","2","2022","19:00:00","2023-03-28"
"2023-03-28CARTBL","CAR","TBL","0","4","2022","19:00:00","2023-03-28"
"2023-03-28CGYLAK","CGY","LAK","2","1","2022","21:00:00","2023-03-28"
"2023-03-28CHIDAL","CHI","DAL","1","4","2022","20:30:00","2023-03-28"
"2023-03-28DETPIT","DET","PIT","7","4","2022","19:00:00","2023-03-28"
"2023-03-28NYRCBJ","NYR","CBJ","6","2","2022","19:00:00","2023-03-28"
"2023-03-28PHIMTL","PHI","MTL","3","2","2022","19:00:00","2023-03-28"
"2023-03-28SJSWPG","SJS","WPG","3","0","2022","22:30:00","2023-03-28"
"2023-03-28STLVAN","STL","VAN","6","5","2022","20:00:00","2023-03-28"
"2023-03-28VGKEDM","VGK","EDM","4","7","2022","22:00:00","2023-03-28"
"2023-03-29COLMIN","COL","MIN","2","4","2022","22:00:00","2023-03-29"
"2023-03-29TORFLA","TOR","FLA","2","3","2022","19:30:00","2023-03-29"
"2023-03-29WSHNYI","WSH","NYI","1","2","2022","19:30:00","2023-03-29"
"2023-03-30BOSCBJ","BOS","CBJ","2","1","2022","19:00:00","2023-03-30"
"2023-03-30CHISTL","CHI","STL","3","5","2022","20:30:00","2023-03-30"
"2023-03-30DETCAR","DET","CAR","3","2","2022","19:30:00","2023-03-30"
"2023-03-30EDMLAK","EDM","LAK","2","0","2022","21:00:00","2023-03-30"
"2023-03-30MTLFLA","MTL","FLA","2","5","2022","19:00:00","2023-03-30"
"2023-03-30NJDNYR","NJD","NYR","2","1","2022","19:00:00","2023-03-30"
"2023-03-30OTTPHI","OTT","PHI","5","4","2022","19:00:00","2023-03-30"
"2023-03-30PITNSH","PIT","NSH","2","0","2022","19:00:00","2023-03-30"
"2023-03-30SEAANA","SEA","ANA","4","1","2022","22:00:00","2023-03-30"
"2023-03-30SJSVGK","SJS","VGK","4","3","2022","22:30:00","2023-03-30"
"2023-03-30TBLWSH","TBL","WSH","5","1","2022","19:00:00","2023-03-30"
"2023-03-31ARIDAL","ARI","DAL","2","5","2022","22:30:00","2023-03-31"
"2023-03-31BUFNYR","BUF","NYR","3","2","2022","19:00:00","2023-03-31"
"2023-03-31VANCGY","VAN","CGY","4","5","2022","22:00:00","2023-03-31"
"2023-03-31WPGDET","WPG","DET","6","2","2022","20:00:00","2023-03-31"
"2023-04-01ARISJS","ARI","SJS","2","7","2022","22:00:00","2023-04-01"
"2023-04-01CBJFLA","CBJ","FLA","0","7","2022","19:00:00","2023-04-01"
"2023-04-01CHINJD","CHI","NJD","3","6","2022","20:00:00","2023-04-01"
"2023-04-01COLDAL","COL","DAL","5","2","2022","21:00:00","2023-04-01"
"2023-04-01EDMANA","EDM","ANA","6","0","2022","22:00:00","2023-04-01"
"2023-04-01MTLCAR","MTL","CAR","0","3","2022","19:00:00","2023-04-01"
"2023-04-01NSHSTL","NSH","STL","6","1","2022","13:00:00","2023-04-01"
"2023-04-01OTTTOR","OTT","TOR","0","3","2022","19:00:00","2023-04-01"
"2023-04-01PHIBUF","PHI","BUF","3","6","2022","19:00:00","2023-04-01"
"2023-04-01PITBOS","PIT","BOS","3","4","2022","15:00:00","2023-04-01"
"2023-04-01SEALAK","SEA","LAK","1","3","2022","22:00:00","2023-04-01"
"2023-04-01TBLNYI","TBL","NYI","5","0","2022","19:00:00","2023-04-01"
"2023-04-01VGKMIN","VGK","MIN","4","1","2022","22:00:00","2023-04-01"
"2023-04-02CARNYI","CAR","NYI","2","1","2022","18:00:00","2023-04-02"
"2023-04-02CBJOTT","CBJ","OTT","4","3","2022","18:00:00","2023-04-02"
"2023-04-02CGYANA","CGY","ANA","5","4","2022","20:00:00","2023-04-02"
"2023-04-02PITPHI","PIT","PHI","4","2","2022","18:00:00","2023-04-02"
"2023-04-02STLBOS","STL","BOS","3","4","2022","15:30:00","2023-04-02"
"2023-04-02TORDET","TOR","DET","2","5","2022","19:00:00","2023-04-02"
"2023-04-02VANLAK","VAN","LAK","1","4","2022","20:00:00","2023-04-02"
"2023-04-02WPGNJD","WPG","NJD","6","1","2022","19:00:00","2023-04-02"
"2023-04-02WSHNYR","WSH","NYR","2","5","2022","13:00:00","2023-04-02"
"2023-04-03DALNSH","DAL","NSH","5","1","2022","20:30:00","2023-04-03"
"2023-04-03MINVGK","MIN","VGK","3","4","2022","20:00:00","2023-04-03"
"2023-04-03SEAARI","SEA","ARI","8","1","2022","22:00:00","2023-04-03"
"2023-04-04CAROTT","CAR","OTT","3","2","2022","19:00:00","2023-04-04"
"2023-04-04CGYCHI","CGY","CHI","3","4","2022","21:00:00","2023-04-04"
"2023-04-04FLABUF","FLA","BUF","2","1","2022","19:00:00","2023-04-04"
"2023-04-04LAKEDM","LAK","EDM","1","3","2022","22:30:00","2023-04-04"
"2023-04-04MTLDET","MTL","DET","0","5","2022","19:00:00","2023-04-04"
"2023-04-04NJDPIT","NJD","PIT","5","1","2022","19:00:00","2023-04-04"
"2023-04-04NSHVGK","NSH","VGK","3","2","2022","20:00:00","2023-04-04"
"2023-04-04SJSCOL","SJS","COL","3","4","2022","22:30:00","2023-04-04"
"2023-04-04STLPHI","STL","PHI","4","2","2022","20:00:00","2023-04-04"
"2023-04-04TORCBJ","TOR","CBJ","4","2","2022","19:00:00","2023-04-04"
"2023-04-04VANSEA","VAN","SEA","2","5","2022","22:00:00","2023-04-04"
"2023-04-05ANAEDM","ANA","EDM","1","3","2022","22:00:00","2023-04-05"
"2023-04-05NYRTBL","NYR","TBL","6","3","2022","19:30:00","2023-04-05"
"2023-04-05WPGCGY","WPG","CGY","1","3","2022","19:30:00","2023-04-05"
"2023-04-06BOSTOR","BOS","TOR","2","1","2022","19:00:00","2023-04-06"
"2023-04-06DALPHI","DAL","PHI","4","1","2022","20:30:00","2023-04-06"
"2023-04-06DETBUF","DET","BUF","6","7","2022","19:00:00","2023-04-06"
"2023-04-06FLAOTT","FLA","OTT","7","2","2022","19:00:00","2023-04-06"
"2023-04-06MTLWSH","MTL","WSH","6","2","2022","19:00:00","2023-04-06"
"2023-04-06NJDCBJ","NJD","CBJ","8","1","2022","19:00:00","2023-04-06"
"2023-04-06NSHCAR","NSH","CAR","3","0","2022","20:00:00","2023-04-06"
"2023-04-06NYITBL","NYI","TBL","6","1","2022","19:30:00","2023-04-06"
"2023-04-06PITMIN","PIT","MIN","4","1","2022","19:00:00","2023-04-06"
"2023-04-06SEAARI","SEA","ARI","4","2","2022","22:30:00","2023-04-06"
"2023-04-06SJSCOL","SJS","COL","2","6","2022","22:30:00","2023-04-06"
"2023-04-06STLNYR","STL","NYR","3","2","2022","20:00:00","2023-04-06"
"2023-04-06VANCHI","VAN","CHI","3","0","2022","22:00:00","2023-04-06"
"2023-04-06VGKLAK","VGK","LAK","5","2","2022","22:00:00","2023-04-06"
"2023-04-08ARIANA","ARI","ANA","5","4","2022","17:30:00","2023-04-08"
"2023-04-08BOSNJD","BOS","NJD","2","1","2022","20:00:00","2023-04-08"
"2023-04-08BUFCAR","BUF","CAR","4","3","2022","12:30:00","2023-04-08"
"2023-04-08CBJNYR","CBJ","NYR","0","4","2022","19:00:00","2023-04-08"
"2023-04-08DALVGK","DAL","VGK","2","1","2022","15:30:00","2023-04-08"
"2023-04-08DETPIT","DET","PIT","1","5","2022","13:00:00","2023-04-08"
"2023-04-08LAKCOL","LAK","COL","3","4","2022","22:30:00","2023-04-08"
"2023-04-08MINSTL","MIN","STL","5","3","2022","20:00:00","2023-04-08"
"2023-04-08NYIPHI","NYI","PHI","4","0","2022","19:30:00","2023-04-08"
"2023-04-08OTTTBL","OTT","TBL","7","4","2022","19:00:00","2023-04-08"
"2023-04-08SEACHI","SEA","CHI","7","3","2022","22:00:00","2023-04-08"
"2023-04-08SJSEDM","SJS","EDM","1","6","2022","16:00:00","2023-04-08"
"2023-04-08TORMTL","TOR","MTL","7","1","2022","19:00:00","2023-04-08"
"2023-04-08VANCGY","VAN","CGY","3","2","2022","22:00:00","2023-04-08"
"2023-04-08WPGNSH","WPG","NSH","2","0","2022","19:00:00","2023-04-08"
"2023-04-08WSHFLA","WSH","FLA","2","4","2022","19:00:00","2023-04-08"
"2023-04-09ANACOL","ANA","COL","4","5","2022","20:30:00","2023-04-09"
"2023-04-09PHIBOS","PHI","BOS","3","5","2022","18:00:00","2023-04-09"
"2023-04-10ARISEA","ARI","SEA","1","4","2022","22:00:00","2023-04-10"
"2023-04-10CGYNSH","CGY","NSH","2","3","2022","21:30:00","2023-04-10"
"2023-04-10CHIMIN","CHI","MIN","2","4","2022","21:00:00","2023-04-10"
"2023-04-10DETDAL","DET","DAL","1","6","2022","19:00:00","2023-04-10"
"2023-04-10FLATOR","FLA","TOR","1","2","2022","19:00:00","2023-04-10"
"2023-04-10LAKVAN","LAK","VAN","3","0","2022","22:30:00","2023-04-10"
"2023-04-10NYRBUF","NYR","BUF","2","3","2022","19:00:00","2023-04-10"
"2023-04-10OTTCAR","OTT","CAR","3","2","2022","19:00:00","2023-04-10"
"2023-04-10WPGSJS","WPG","SJS","6","2","2022","19:00:00","2023-04-10"
"2023-04-10WSHNYI","WSH","NYI","5","2","2022","19:00:00","2023-04-10"
"2023-04-11ANAVAN","ANA","VAN","2","3","2022","22:00:00","2023-04-11"
"2023-04-11BOSWSH","BOS","WSH","5","2","2022","19:00:00","2023-04-11"
"2023-04-11CARDET","CAR","DET","4","1","2022","19:00:00","2023-04-11"
"2023-04-11COLEDM","COL","EDM","1","2","2022","21:30:00","2023-04-11"
"2023-04-11MINWPG","MIN","WPG","1","3","2022","20:00:00","2023-04-11"
"2023-04-11NJDBUF","NJD","BUF","6","2","2022","19:00:00","2023-04-11"
"2023-04-11PHICBJ","PHI","CBJ","4","3","2022","19:00:00","2023-04-11"
"2023-04-11PITCHI","PIT","CHI","2","5","2022","19:30:00","2023-04-11"
"2023-04-11TBLTOR","TBL","TOR","3","4","2022","19:00:00","2023-04-11"
"2023-04-11VGKSEA","VGK","SEA","4","1","2022","22:00:00","2023-04-11"
"2023-04-12CGYSJS","CGY","SJS","3","1","2022","22:00:00","2023-04-12"
"2023-04-12NYIMTL","NYI","MTL","4","2","2022","19:00:00","2023-04-12"
"2023-04-12STLDAL","STL","DAL","2","5","2022","19:30:00","2023-04-12"
"2023-04-13ANALAK","ANA","LAK","3","5","2022","22:00:00","2023-04-13"
"2023-04-13ARIVAN","ARI","VAN","4","5","2022","22:00:00","2023-04-13"
"2023-04-13BUFOTT","BUF","OTT","4","3","2022","19:00:00","2023-04-13"
"2023-04-13CBJPIT","CBJ","PIT","3","2","2022","19:00:00","2023-04-13"
"2023-04-13CHIPHI","CHI","PHI","4","5","2022","20:30:00","2023-04-13"
"2023-04-13COLWPG","COL","WPG","4","2","2022","20:00:00","2023-04-13"
"2023-04-13DALSTL","DAL","STL","1","0","2022","20:00:00","2023-04-13"
"2023-04-13EDMSJS","EDM","SJS","5","2","2022","21:00:00","2023-04-13"
"2023-04-13FLACAR","FLA","CAR","4","6","2022","19:00:00","2023-04-13"
"2023-04-13MTLBOS","MTL","BOS","4","5","2022","19:00:00","2023-04-13"
"2023-04-13NSHMIN","NSH","MIN","4","3","2022","20:00:00","2023-04-13"
"2023-04-13NYRTOR","NYR","TOR","2","3","2022","19:00:00","2023-04-13"
"2023-04-13SEAVGK","SEA","VGK","1","3","2022","22:30:00","2023-04-13"
"2023-04-13TBLDET","TBL","DET","5","0","2022","19:00:00","2023-04-13"
"2023-04-13WSHNJD","WSH","NJD","4","5","2022","19:00:00","2023-04-13"
"2023-04-14CBJBUF","CBJ","BUF","2","5","2022","19:30:00","2023-04-14"
"2023-04-14NSHCOL","NSH","COL","3","4","2022","20:00:00","2023-04-14"
